datahora,satelite,pais,estado,municipio,bioma,diasemchuva,precipitacao,riscofogo,latitude,longitude,frp
2021/06/22 15:50:00,AQUA_M-T,Brasil,RIO GRANDE DO NORTE,PEDRA GRANDE,Caatinga,9,0,1,-5.17,-35.852,10.6
2021/06/22 15:50:00,AQUA_M-T,Brasil,RIO GRANDE DO NORTE,CEARA-MIRIM,Caatinga,3,0,1,-5.51,-35.442,13.6
2021/06/22 15:50:00,AQUA_M-T,Brasil,RIO GRANDE DO NORTE,SENADOR GEORGINO AVELINO,Mata Atlantica,3,0,0.5,-6.164,-35.137,29.5
2021/06/22 15:50:00,AQUA_M-T,Brasil,PERNAMBUCO,IPUBI,Caatinga,38,0,1,-7.413,-40.204,42.8
2021/06/22 15:50:00,AQUA_M-T,Brasil,MARANHAO,PAULINO NEVES,Cerrado,4,0,0.2,-2.826,-42.529,50.1
2021/06/22 15:50:00,AQUA_M-T,Brasil,MARANHAO,AGUA DOCE DO MARANHAO,Cerrado,-999,0,0.1,-2.962,-42.199,31.5
2021/06/22 15:50:00,AQUA_M-T,Brasil,MARANHAO,AGUA DOCE DO MARANHAO,Cerrado,-999,0,0.1,-2.966,-42.228,22.5
2021/06/22 15:50:00,AQUA_M-T,Brasil,MARANHAO,SAO BERNARDO,Cerrado,4,0,0.3,-3.316,-42.557,24.1
2021/06/22 15:50:00,AQUA_M-T,Brasil,MARANHAO,SAO BERNARDO,Cerrado,4,0,0.1,-3.321,-42.589,35.8
2021/06/22 15:50:00,AQUA_M-T,Brasil,MARANHAO,ALDEIAS ALTAS,Cerrado,3,0,0.4,-4.414,-43.266,147.7
2021/06/22 15:50:00,AQUA_M-T,Brasil,MARANHAO,ALDEIAS ALTAS,Cerrado,3,0,0.4,-4.418,-43.262,127.8
2021/06/22 15:50:00,AQUA_M-T,Brasil,MARANHAO,ALDEIAS ALTAS,Cerrado,3,0,0.4,-4.42,-43.303,65.6
2021/06/22 15:50:00,AQUA_M-T,Brasil,MARANHAO,ALDEIAS ALTAS,Cerrado,3,0,0.4,-4.423,-43.299,75.3
2021/06/22 15:50:00,AQUA_M-T,Brasil,MARANHAO,CAXIAS,Cerrado,3,0,1,-4.635,-43.147,55.5
2021/06/22 17:20:00,AQUA_M-T,Argentina,Entre Rios,Federal,,17,0,0.5,-30.824,-59.105,10.8
2021/06/22 17:20:00,AQUA_M-T,Argentina,Entre Rios,Concordia,,16,0,0.2,-31.655,-58.195,35.7
2021/06/22 17:20:00,AQUA_M-T,Argentina,Entre Rios,Concordia,,16,0,0.3,-31.659,-58.19,38.3
2021/06/22 17:20:00,AQUA_M-T,Argentina,Entre Rios,Concordia,,0,0,0.2,-31.67,-58.052,13.3
2021/06/22 17:20:00,AQUA_M-T,Argentina,Santa Fe,San Jeronimo,,6,0,0.9,-32.148,-61.32,17.4
2021/06/22 17:20:00,AQUA_M-T,Uruguay,Rio Negro,n.a58,,0,0,0.5,-32.458,-57.28,15.2
2021/06/22 17:20:00,AQUA_M-T,Uruguay,Rio Negro,n.a58,,0,0,0.6,-32.467,-57.274,17.4
2021/06/22 17:20:00,AQUA_M-T,Uruguay,Rio Negro,n.a60,,0,0,0.3,-32.468,-57.291,36.1
2021/06/22 17:20:00,AQUA_M-T,Uruguay,Rio Negro,n.a58,,0,0,0.4,-32.469,-57.278,20.3
2021/06/22 17:20:00,AQUA_M-T,Uruguay,Rio Negro,n.a60,,0,0,0.5,-32.471,-57.296,11.4
2021/06/22 17:20:00,AQUA_M-T,Uruguay,Colonia,n.a197,,17,0,0.7,-33.879,-57.92,38
2021/06/22 17:20:00,AQUA_M-T,Uruguay,Colonia,n.a197,,17,0,0.7,-33.884,-57.913,37.8
2021/06/22 17:20:00,AQUA_M-T,Uruguay,Colonia,n.a139,,6,0,0.8,-33.895,-58.086,8.8
2021/06/22 17:20:00,AQUA_M-T,Uruguay,Colonia,n.a139,,6,0,0.8,-33.898,-58.079,18
2021/06/22 17:20:00,AQUA_M-T,Uruguay,Colonia,n.a139,,6,0,0.7,-33.9,-58.1,8.9
2021/06/22 17:20:00,AQUA_M-T,Uruguay,Colonia,n.a139,,6,0,0.8,-33.907,-58.085,12.1
2021/06/22 17:20:00,AQUA_M-T,Brasil,RIO GRANDE DO SUL,PIRATINI,Pampa,3,0,0.2,-31.246,-53.019,5.7
2021/06/22 17:25:00,AQUA_M-T,Bolivia,Santa Cruz,Chiquitos,,10,0,0.8,-18.667,-58.223,9.2
2021/06/22 17:25:00,AQUA_M-T,Brasil,MATO GROSSO,VILA RICA,Amazonia,34,0,0.9,-10.045,-52.067,44
2021/06/22 17:25:00,AQUA_M-T,Brasil,PARA,NOVO PROGRESSO,Amazonia,19,0,1,-7.549,-55.195,16.4
2021/06/22 17:25:00,AQUA_M-T,Bolivia,Santa Cruz,Chiquitos,,10,0,0.8,-18.668,-58.234,51.1
2021/06/22 17:25:00,AQUA_M-T,Bolivia,Santa Cruz,Chiquitos,,11,0,0.8,-18.814,-58.342,9.4
2021/06/22 17:25:00,AQUA_M-T,Brasil,MATO GROSSO,SANTA CARMEM,Amazonia,31,0,0.8,-11.768,-54.669,113.7
2021/06/22 17:25:00,AQUA_M-T,Brasil,PARA,ITAITUBA,Amazonia,5,0,0.4,-7.622,-56.771,18.1
2021/06/22 17:25:00,AQUA_M-T,Bolivia,Santa Cruz,Cordillera,,15,0,1,-18.861,-58.884,13.3
2021/06/22 17:25:00,AQUA_M-T,Brasil,MARANHAO,RIACHAO,Cerrado,36,0,0.9,-7.755,-46.749,61
2021/06/22 17:25:00,AQUA_M-T,Brasil,MATO GROSSO,SANTA CARMEM,Amazonia,31,0,0.8,-11.769,-54.679,53.9
2021/06/22 17:25:00,AQUA_M-T,Brasil,MARANHAO,CAROLINA,Cerrado,35,0,1,-7.777,-46.875,58.1
2021/06/22 17:25:00,AQUA_M-T,Brasil,MATO GROSSO,LUCIARA,Cerrado,35,0,1,-11.11,-51.27,12.8
2021/06/22 17:25:00,AQUA_M-T,Brasil,PARA,NOVO PROGRESSO,Amazonia,14,0,0.8,-7.799,-55.212,12.8
2021/06/22 17:25:00,AQUA_M-T,Brasil,PARA,NOVO PROGRESSO,Amazonia,12,0,0.5,-7.8,-55.222,12
2021/06/22 17:25:00,AQUA_M-T,Brasil,MATO GROSSO,PORTO DOS GAUCHOS,Amazonia,14,0,0.8,-11.783,-56.599,34.1
2021/06/22 17:25:00,AQUA_M-T,Brasil,TOCANTINS,GOIATINS,Cerrado,32,0,1,-7.995,-47.588,87.7
2021/06/22 17:25:00,AQUA_M-T,Brasil,TOCANTINS,PEDRO AFONSO,Cerrado,29,0,1,-9.218,-47.934,40
2021/06/22 17:25:00,AQUA_M-T,Brasil,MATO GROSSO,LUCIARA,Cerrado,35,0,1,-11.113,-51.286,25.3
2021/06/22 17:25:00,AQUA_M-T,Brasil,MATO GROSSO,PORTO DOS GAUCHOS,Amazonia,12,0,1,-11.784,-56.608,14.8
2021/06/22 17:25:00,AQUA_M-T,Brasil,PARA,SANTANA DO ARAGUAIA,Amazonia,37,0,1,-9.297,-50.147,39.5
2021/06/22 17:25:00,AQUA_M-T,Brasil,MATO GROSSO,SERRA NOVA DOURADA,Cerrado,35,0,1,-11.864,-51.227,63.1
2021/06/22 17:25:00,AQUA_M-T,Brasil,TOCANTINS,DOIS IRMAOS DO TOCANTINS,Cerrado,31,0,1,-9.365,-48.805,30.9
2021/06/22 17:25:00,AQUA_M-T,Brasil,MATO GROSSO,SANTA CRUZ DO XINGU,Amazonia,34,0,0.6,-10.354,-52.857,273.7
2021/06/22 17:25:00,AQUA_M-T,Brasil,TOCANTINS,DOIS IRMAOS DO TOCANTINS,Cerrado,31,0,1,-9.368,-48.828,25.7
2021/06/22 17:25:00,AQUA_M-T,Brasil,MATO GROSSO,SERRA NOVA DOURADA,Cerrado,35,0,1,-11.876,-51.225,22.2
2021/06/22 17:25:00,AQUA_M-T,Brasil,TOCANTINS,DOIS IRMAOS DO TOCANTINS,Cerrado,37,0,1,-9.449,-49.035,34.1
2021/06/22 17:25:00,AQUA_M-T,Brasil,MATO GROSSO,NOVA SANTA HELENA,Amazonia,31,0,1,-11.119,-54.834,99.9
2021/06/22 17:25:00,AQUA_M-T,Brasil,TOCANTINS,DOIS IRMAOS DO TOCANTINS,Cerrado,37,0,0.9,-9.45,-49.04,42.4
2021/06/22 17:25:00,AQUA_M-T,Brasil,MATO GROSSO,QUERENCIA,Amazonia,17,0,0.7,-11.936,-52.758,28.7
2021/06/22 17:25:00,AQUA_M-T,Brasil,TOCANTINS,TOCANTINIA,Cerrado,35,0,0.9,-9.463,-48.109,45.1
2021/06/22 17:25:00,AQUA_M-T,Brasil,TOCANTINS,TOCANTINIA,Cerrado,35,0,1,-9.472,-48.103,61.5
2021/06/22 17:25:00,AQUA_M-T,Brasil,MATO GROSSO,SANTA CRUZ DO XINGU,Amazonia,21,0,0.6,-10.107,-52.766,76.6
2021/06/22 17:25:00,AQUA_M-T,Brasil,MATO GROSSO,QUERENCIA,Amazonia,16,0,0.8,-11.938,-52.771,53.2
2021/06/22 17:25:00,AQUA_M-T,Brasil,MATO GROSSO,ALTA FLORESTA,Amazonia,30,0,0.5,-9.493,-56.1,79.3
2021/06/22 17:25:00,AQUA_M-T,Brasil,MATO GROSSO,SANTA CRUZ DO XINGU,Amazonia,34,0,0.6,-10.356,-52.87,36.8
2021/06/22 17:25:00,AQUA_M-T,Brasil,MATO GROSSO,NOVA SANTA HELENA,Amazonia,31,0,0.8,-11.12,-54.844,159.5
2021/06/22 17:25:00,AQUA_M-T,Brasil,MATO GROSSO,ALTA FLORESTA,Amazonia,30,0,0.5,-9.494,-56.109,17.4
2021/06/22 17:25:00,AQUA_M-T,Brasil,MATO GROSSO,SANTA CARMEM,Amazonia,31,0,0.8,-11.946,-54.689,17.8
2021/06/22 17:25:00,AQUA_M-T,Brasil,MATO GROSSO,ALTA FLORESTA,Amazonia,30,0,0.5,-9.501,-56.089,15.3
2021/06/22 17:25:00,AQUA_M-T,Brasil,MATO GROSSO,ALTA FLORESTA,Amazonia,30,0,0.5,-9.502,-56.098,157.7
2021/06/22 17:25:00,AQUA_M-T,Bolivia,Santa Cruz,Jose Miguel de Velasco,,10,0.1,0.6,-16.321,-61.268,117.8
2021/06/22 17:25:00,AQUA_M-T,Brasil,MATO GROSSO,NOVA CANAA DO NORTE,Amazonia,21,0,0.6,-10.802,-56.24,21
2021/06/22 17:25:00,AQUA_M-T,Bolivia,Santa Cruz,Jose Miguel de Velasco,,10,0.1,0.7,-16.323,-61.286,55.1
2021/06/22 17:25:00,AQUA_M-T,Brasil,MATO GROSSO,COMODORO,Cerrado,20,0,0.9,-14.019,-59.578,32.9
2021/06/22 17:25:00,AQUA_M-T,Bolivia,Santa Cruz,Nuflo de Chavez,,11,0,0.4,-16.382,-62.012,30
2021/06/22 17:25:00,AQUA_M-T,Bolivia,Santa Cruz,Jose Miguel de Velasco,,11,0.2,0.6,-16.481,-59.762,11.2
2021/06/22 17:25:00,AQUA_M-T,Brasil,MATO GROSSO,JUINA,Cerrado,29,0,0.9,-11.599,-59.056,11.5
2021/06/22 17:25:00,AQUA_M-T,Brasil,MATO GROSSO,COMODORO,Amazonia,28,0.5,1,-14.022,-60.22,19.5
2021/06/22 17:25:00,AQUA_M-T,Bolivia,Santa Cruz,Jose Miguel de Velasco,,11,0.1,0.6,-16.483,-59.775,21
2021/06/22 17:25:00,AQUA_M-T,Bolivia,Santa Cruz,Jose Miguel de Velasco,,10,0,0.8,-16.587,-60.834,13.2
2021/06/22 17:25:00,AQUA_M-T,Bolivia,Santa Cruz,Jose Miguel de Velasco,,11,0,0.7,-16.137,-61.251,52.3
2021/06/22 17:25:00,AQUA_M-T,Brasil,MATO GROSSO,PEIXOTO DE AZEVEDO,Amazonia,34,0,1,-10.064,-53.888,15.5
2021/06/22 17:25:00,AQUA_M-T,Brasil,MATO GROSSO,SAO FELIX DO ARAGUAIA,Amazonia,25,0,0.7,-11.493,-51.986,19.2
2021/06/22 17:25:00,AQUA_M-T,Brasil,MATO GROSSO,CAMPO NOVO DO PARECIS,Cerrado,28,0,1,-13.614,-58.136,36.9
2021/06/22 17:25:00,AQUA_M-T,Bolivia,Santa Cruz,Jose Miguel de Velasco,,11,0,0.6,-16.139,-61.269,124.5
2021/06/22 17:25:00,AQUA_M-T,Brasil,MATO GROSSO,SANTA CRUZ DO XINGU,Amazonia,35,0,0.7,-10.226,-52.349,20.9
2021/06/22 17:25:00,AQUA_M-T,Brasil,MATO GROSSO,LUCIARA,Cerrado,35,0,1,-10.797,-50.65,19.5
2021/06/22 17:25:00,AQUA_M-T,Bolivia,Santa Cruz,Jose Miguel de Velasco,,10,0.2,0.6,-16.147,-60.776,13.2
2021/06/22 17:25:00,AQUA_M-T,Brasil,MATO GROSSO,PEIXOTO DE AZEVEDO,Amazonia,27,0,1,-10.044,-53.689,31.3
2021/06/22 17:25:00,AQUA_M-T,Brasil,MATO GROSSO,CAMPO NOVO DO PARECIS,Cerrado,27,0,0.8,-13.664,-58.149,23.2
2021/06/22 17:25:00,AQUA_M-T,Bolivia,Santa Cruz,Jose Miguel de Velasco,,11,0,0.9,-16.149,-61.25,71.1
2021/06/22 17:25:00,AQUA_M-T,Bolivia,Santa Cruz,Jose Miguel de Velasco,,11,0,0.6,-16.151,-61.267,64.1
2021/06/22 17:25:00,AQUA_M-T,Brasil,MATO GROSSO,SAO FELIX DO ARAGUAIA,Cerrado,35,0,1,-11.566,-50.86,18.1
2021/06/22 17:25:00,AQUA_M-T,Brasil,MATO GROSSO,CAMPO NOVO DO PARECIS,Cerrado,27,0,1,-13.665,-58.159,8.7
2021/06/22 17:25:00,AQUA_M-T,Bolivia,Santa Cruz,Jose Miguel de Velasco,,11,0,0.7,-16.287,-60.236,26.8
2021/06/22 17:25:00,AQUA_M-T,Bolivia,Santa Cruz,Jose Miguel de Velasco,,10,0.1,0.7,-16.307,-61.253,18
2021/06/22 17:25:00,AQUA_M-T,Brasil,MATO GROSSO,COMODORO,Cerrado,7,0,0.9,-13.948,-59.494,13.7
2021/06/22 17:25:00,AQUA_M-T,Bolivia,Santa Cruz,Jose Miguel de Velasco,,10,0.1,0.7,-16.309,-61.27,92.5
2021/06/22 17:25:00,AQUA_M-T,Bolivia,Santa Cruz,Jose Miguel de Velasco,,10,0.1,0.8,-16.319,-61.251,27.5
2021/06/22 17:25:00,AQUA_M-T,Brasil,MATO GROSSO,SAO FELIX DO ARAGUAIA,Cerrado,35,0,1,-11.569,-50.854,22.2
2021/06/22 17:25:00,AQUA_M-T,Brasil,MATO GROSSO,COMODORO,Cerrado,8,0,0.7,-13.957,-59.5,15.5
2021/06/22 17:25:00,AQUA_M-T,Brasil,TOCANTINS,PORTO NACIONAL,Cerrado,27,0,1,-10.19,-48.539,64
2021/06/22 17:25:00,AQUA_M-T,Brasil,MATO GROSSO,FELIZ NATAL,Amazonia,30,0,0.8,-12.065,-54.452,13.2
2021/06/22 17:25:00,AQUA_M-T,Brasil,TOCANTINS,TOCANTINIA,Cerrado,33,0,0.9,-9.861,-48.232,36
2021/06/22 17:25:00,AQUA_M-T,Brasil,MATO GROSSO,COLIDER,Amazonia,22,0,0.9,-10.378,-55.609,15.6
2021/06/22 17:25:00,AQUA_M-T,Brasil,MATO GROSSO,SAO FELIX DO ARAGUAIA,Amazonia,36,0,0.6,-11.324,-52.725,21.7
2021/06/22 17:25:00,AQUA_M-T,Brasil,MATO GROSSO,PEIXOTO DE AZEVEDO,Amazonia,25,0,1,-10.046,-53.701,49.2
2021/06/22 17:25:00,AQUA_M-T,Brasil,MATO GROSSO,NOVO MUNDO,Amazonia,26,0,0.6,-9.866,-55.372,38.6
2021/06/22 17:25:00,AQUA_M-T,Brasil,MATO GROSSO,CLAUDIA,Amazonia,29,0,1,-11.373,-54.745,10.5
2021/06/22 17:25:00,AQUA_M-T,Brasil,MATO GROSSO,MARCELANDIA,Amazonia,30,0,1,-10.522,-53.665,15
2021/06/22 17:25:00,AQUA_M-T,Brasil,MATO GROSSO,FELIZ NATAL,Amazonia,27,0,0.8,-12.09,-54.427,28.9
2021/06/22 17:25:00,AQUA_M-T,Brasil,MATO GROSSO,NOVO MUNDO,Amazonia,25,0,0.9,-9.868,-55.382,26.2
2021/06/22 17:25:00,AQUA_M-T,Brasil,MATO GROSSO,GUARANTA DO NORTE,Amazonia,2,0,0.6,-9.888,-54.475,10.1
2021/06/22 17:25:00,AQUA_M-T,Brasil,TOCANTINS,SUCUPIRA,Cerrado,35,0,1,-12.17,-48.758,38
2021/06/22 17:25:00,AQUA_M-T,Brasil,MATO GROSSO,CARLINDA,Amazonia,10,0,1,-9.976,-55.692,37.9
2021/06/22 17:25:00,AQUA_M-T,Brasil,MATO GROSSO,UNIAO DO SUL,Amazonia,34,0,0.7,-11.371,-54.004,22
2021/06/22 17:25:00,AQUA_M-T,Brasil,MATO GROSSO,ARIPUANA,Amazonia,11,0.1,0.5,-9.982,-59.486,19.3
2021/06/22 17:25:00,AQUA_M-T,Brasil,MATO GROSSO,FELIZ NATAL,Amazonia,32,0,0.8,-12.171,-54.293,12.2
2021/06/22 17:25:00,AQUA_M-T,Brasil,MATO GROSSO,ARIPUANA,Amazonia,13,0.1,0.5,-9.983,-59.497,9.9
2021/06/22 17:25:00,AQUA_M-T,Brasil,MATO GROSSO,CARLINDA,Amazonia,13,0,1,-9.985,-55.691,58.8
2021/06/22 17:25:00,AQUA_M-T,Brasil,TOCANTINS,SUCUPIRA,Cerrado,35,0,1,-12.174,-48.783,61.9
2021/06/22 17:25:00,AQUA_M-T,Brasil,MATO GROSSO,CARLINDA,Amazonia,13,0,1,-9.987,-55.7,7.7
2021/06/22 17:25:00,AQUA_M-T,Brasil,MATO GROSSO,QUERENCIA,Amazonia,34,0,0.7,-12.319,-53.124,35.5
2021/06/22 17:25:00,AQUA_M-T,Brasil,MATO GROSSO,POCONE,Cerrado,11,0,1,-15.789,-56.586,6.4
2021/06/22 17:25:00,AQUA_M-T,Bolivia,Santa Cruz,Chiquitos,,31,0,0.9,-17.623,-60.425,21.7
2021/06/22 17:25:00,AQUA_M-T,Bolivia,Santa Cruz,Chiquitos,,25,0,1,-17.625,-60.739,20.5
2021/06/22 17:25:00,AQUA_M-T,Brasil,MATO GROSSO,JUSCIMEIRA,Cerrado,8,0,0.9,-15.955,-54.538,32.8
2021/06/22 17:25:00,AQUA_M-T,Bolivia,Santa Cruz,Chiquitos,,12,0,0.9,-17.729,-60.271,11.5
2021/06/22 17:25:00,AQUA_M-T,Bolivia,Santa Cruz,Chiquitos,,17,0,0.9,-17.811,-60.875,74.5
2021/06/22 17:25:00,AQUA_M-T,Brasil,MATO GROSSO,SANTA CRUZ DO XINGU,Amazonia,24,0,0.5,-10.096,-52.768,36.9
2021/06/22 17:25:00,AQUA_M-T,Brasil,MATO GROSSO,SAO FELIX DO ARAGUAIA,Cerrado,32,0,1,-11.698,-51.626,25.8
2021/06/22 17:25:00,AQUA_M-T,Brasil,MATO GROSSO,TESOURO,Cerrado,28,0,1,-15.956,-53.555,10.8
2021/06/22 17:25:00,AQUA_M-T,Bolivia,Santa Cruz,Chiquitos,,16,0,0.9,-17.813,-60.892,62.8
2021/06/22 17:25:00,AQUA_M-T,Brasil,MATO GROSSO,CONFRESA,Amazonia,35,0,1,-10.285,-51.852,102.7
2021/06/22 17:25:00,AQUA_M-T,Brasil,MATO GROSSO,ITAUBA,Amazonia,30,0,0.5,-11.01,-55.146,27.7
2021/06/22 17:25:00,AQUA_M-T,Bolivia,Santa Cruz,Chiquitos,,3,0,0.8,-17.82,-60.268,27
2021/06/22 17:25:00,AQUA_M-T,Brasil,MATO GROSSO,BARAO DE MELGACO,Pantanal,11,0,1,-16.915,-56.219,6
2021/06/22 17:25:00,AQUA_M-T,Bolivia,Santa Cruz,Chiquitos,,4,0,1,-17.822,-60.284,21.7
2021/06/22 17:25:00,AQUA_M-T,Bolivia,Santa Cruz,Chiquitos,,10,0,0.9,-17.911,-60.943,24.4
2021/06/22 17:25:00,AQUA_M-T,Brasil,MATO GROSSO,SAO FELIX DO ARAGUAIA,Cerrado,34,0,1,-11.7,-51.642,36.6
2021/06/22 17:25:00,AQUA_M-T,Bolivia,Santa Cruz,Chiquitos,,13,0,0.9,-18.139,-59.515,20
2021/06/22 17:25:00,AQUA_M-T,Bolivia,Santa Cruz,Chiquitos,,12,0,0.9,-18.25,-59.022,23.1
2021/06/22 17:25:00,AQUA_M-T,Bolivia,Santa Cruz,Chiquitos,,12,0,0.9,-18.309,-59.022,73.4
2021/06/22 17:25:00,AQUA_M-T,Brasil,MATO GROSSO,SANTA CARMEM,Amazonia,31,0,0.9,-11.947,-54.699,11
2021/06/22 17:25:00,AQUA_M-T,Brasil,MATO GROSSO,ALTA FLORESTA,Amazonia,30,0,0.5,-9.503,-56.108,19.9
2021/06/22 17:25:00,AQUA_M-T,Brasil,MATO GROSSO,MARCELANDIA,Amazonia,34,0,1,-11.272,-54.305,20.3
2021/06/22 17:25:00,AQUA_M-T,Brasil,MATO GROSSO,ALTA FLORESTA,Amazonia,30,0,0.5,-9.505,-56.117,11.6
2021/06/22 17:25:00,AQUA_M-T,Brasil,MATO GROSSO,BRASNORTE,Amazonia,30,0,0.9,-12.021,-58.106,85.1
2021/06/22 17:25:00,AQUA_M-T,Brasil,MATO GROSSO,ALTA FLORESTA,Amazonia,30,0,0.5,-9.506,-56.126,101.2
2021/06/22 17:25:00,AQUA_M-T,Brasil,MATO GROSSO,ALTA FLORESTA,Amazonia,30,0,0.5,-9.515,-56.125,10.8
2021/06/22 17:25:00,AQUA_M-T,Brasil,MATO GROSSO,BRASNORTE,Amazonia,30,0,0.7,-12.023,-58.115,17.4
2021/06/22 17:25:00,AQUA_M-T,Brasil,MATO GROSSO,PARANAITA,Amazonia,3,0,0.3,-9.671,-56.879,20.1
2021/06/22 17:25:00,AQUA_M-T,Brasil,MATO GROSSO,COLIDER,Amazonia,20,0,1,-10.377,-55.6,16.5
2021/06/22 17:25:00,AQUA_M-T,Brasil,MATO GROSSO,SAO FELIX DO ARAGUAIA,Amazonia,36,0,0.6,-11.32,-52.731,20.5
2021/06/22 17:25:00,AQUA_M-T,Brasil,PARA,SANTANA DO ARAGUAIA,Amazonia,29,0,0.7,-9.677,-50.536,78.6
2021/06/22 17:25:00,AQUA_M-T,Brasil,MATO GROSSO,SAO FELIX DO ARAGUAIA,Cerrado,36,0,1,-12.055,-51.073,50.1
2021/06/22 17:25:00,AQUA_M-T,Brasil,MATO GROSSO,PARANAITA,Amazonia,4,0,0.3,-9.68,-56.877,28.1
2021/06/22 17:25:00,AQUA_M-T,Brasil,PARA,SANTANA DO ARAGUAIA,Amazonia,28,0,0.9,-9.687,-50.529,103.8
2021/06/22 17:25:00,AQUA_M-T,Brasil,MATO GROSSO,SAO FELIX DO ARAGUAIA,Cerrado,36,0,1,-12.058,-51.062,30.4
2021/06/22 17:25:00,AQUA_M-T,Brasil,PARA,SANTANA DO ARAGUAIA,Amazonia,27,0,0.8,-9.69,-50.534,48.7
2021/06/22 17:25:00,AQUA_M-T,Brasil,MATO GROSSO,UNIAO DO SUL,Amazonia,33,0,1,-11.323,-54.094,19.5
2021/06/22 17:25:00,AQUA_M-T,Brasil,PARA,SANTANA DO ARAGUAIA,Amazonia,26,0,0.7,-9.691,-50.549,27.2
2021/06/22 17:25:00,AQUA_M-T,Brasil,MATO GROSSO,SAO FELIX DO ARAGUAIA,Cerrado,36,0,1,-12.06,-51.079,34.1
2021/06/22 17:25:00,AQUA_M-T,Brasil,MATO GROSSO,PEIXOTO DE AZEVEDO,Amazonia,5,0,1,-9.764,-53.274,18.6
2021/06/22 17:25:00,AQUA_M-T,Brasil,MATO GROSSO,COTRIGUACU,Amazonia,2,0,0.5,-9.852,-58.483,8.1
2021/06/22 17:25:00,AQUA_M-T,Brasil,MATO GROSSO,NOVA MARINGA,Amazonia,30,0,1,-12.3,-57.522,10
2021/06/22 17:25:00,AQUA_M-T,Brasil,GOIAS,URUACU,Cerrado,7,0,1,-14.345,-49.094,13.1
2021/06/22 17:25:00,AQUA_M-T,Brasil,MATO GROSSO,SAO FELIX DO ARAGUAIA,Amazonia,33,0,0.6,-11.381,-52.742,25.6
2021/06/22 17:25:00,AQUA_M-T,Brasil,MATO GROSSO DO SUL,PORTO MURTINHO,Cerrado,10,0,0.3,-20.519,-57.026,7.9
2021/06/22 17:25:00,AQUA_M-T,Brasil,MATO GROSSO,VILA RICA,Amazonia,34,0,0.7,-10.036,-52.084,18.2
2021/06/22 17:25:00,AQUA_M-T,Brasil,MATO GROSSO,NOVO SANTO ANTONIO,Cerrado,25,0,1,-12.514,-50.7,16.2
2021/06/22 17:25:00,AQUA_M-T,Brasil,MATO GROSSO DO SUL,CAMPO GRANDE,Cerrado,5,0,0.9,-20.973,-54.498,9
2021/06/22 17:25:00,AQUA_M-T,Brasil,MATO GROSSO DO SUL,CAMPO GRANDE,Cerrado,0,0,0.6,-21.2,-54.226,13.8
2021/06/22 17:25:00,AQUA_M-T,Brasil,MATO GROSSO,NOVO HORIZONTE DO NORTE,Amazonia,30,0,1,-11.413,-57.356,7.3
2021/06/22 17:25:00,AQUA_M-T,Brasil,MATO GROSSO,NOVA UBIRATA,Amazonia,33,0,0.8,-12.707,-54.601,12.6
2021/06/22 17:25:00,AQUA_M-T,Brasil,MATO GROSSO DO SUL,PORTO MURTINHO,Pantanal,11,0,0.7,-21.205,-57.631,5.3
2021/06/22 17:25:00,AQUA_M-T,Brasil,MATO GROSSO DO SUL,PORTO MURTINHO,Pantanal,11,0,1,-21.207,-57.643,8.7
2021/06/22 17:25:00,AQUA_M-T,Brasil,GOIAS,NIQUELANDIA,Cerrado,7,0,0.9,-14.853,-48.254,23.2
2021/06/22 17:25:00,AQUA_M-T,Brasil,MATO GROSSO,QUERENCIA,Amazonia,34,0,0.7,-12.329,-53.122,35
2021/06/22 17:25:00,AQUA_M-T,Brasil,GOIAS,FORMOSA,Cerrado,7,0,0.8,-15.453,-47.417,25.1
2021/06/22 17:25:00,AQUA_M-T,Brasil,GOIAS,FORMOSA,Cerrado,7,0,0.7,-15.458,-47.437,49.5
2021/06/22 17:25:00,AQUA_M-T,Brasil,TOCANTINS,PORTO NACIONAL,Cerrado,27,0,1,-10.191,-48.546,110.8
2021/06/22 17:25:00,AQUA_M-T,Brasil,MATO GROSSO,FELIZ NATAL,Amazonia,14,0,0.5,-12.367,-55.049,13.3
2021/06/22 17:25:00,AQUA_M-T,Brasil,GOIAS,FORMOSA,Cerrado,7,0,1,-15.458,-47.445,44.1
2021/06/22 17:25:00,AQUA_M-T,Brasil,MATO GROSSO,ARIPUANA,Amazonia,24,0,1,-10.524,-59.249,11.1
2021/06/22 17:25:00,AQUA_M-T,Brasil,MATO GROSSO,UNIAO DO SUL,Amazonia,34,0,0.7,-11.381,-54.002,35.1
2021/06/22 17:25:00,AQUA_M-T,Brasil,GOIAS,BOM JARDIM DE GOIAS,Cerrado,11,0,0.9,-16.283,-51.971,9.6
2021/06/22 17:25:00,AQUA_M-T,Brasil,MATO GROSSO,PARANATINGA,Amazonia,44,0,0.9,-12.422,-54.117,15.8
2021/06/22 17:25:00,AQUA_M-T,Brasil,GOIAS,BOM JARDIM DE GOIAS,Cerrado,11,0,1,-16.285,-51.984,26.5
2021/06/22 17:25:00,AQUA_M-T,Brasil,GOIAS,CAIAPONIA,Cerrado,11,0,0.8,-16.632,-51.585,9.2
2021/06/22 17:25:00,AQUA_M-T,Brasil,MATO GROSSO,GAUCHA DO NORTE,Amazonia,31,0,0.9,-12.429,-53.363,23.1
2021/06/22 17:25:00,AQUA_M-T,Brasil,GOIAS,JANDAIA,Cerrado,23,0,1,-17.086,-50.091,25.3
2021/06/22 17:25:00,AQUA_M-T,Brasil,PARA,ALTAMIRA,Amazonia,16,0,1,-7.997,-55.106,26.4
2021/06/22 17:25:00,AQUA_M-T,Brasil,MATO GROSSO,UNIAO DO SUL,Amazonia,33,0,0.6,-11.382,-54.013,13.9
2021/06/22 17:25:00,AQUA_M-T,Brasil,PARA,ALTAMIRA,Amazonia,17,0,0.9,-7.998,-55.117,17.9
2021/06/22 17:25:00,AQUA_M-T,Brasil,GOIAS,MINEIROS,Cerrado,11,0,1,-17.23,-52.844,9.3
2021/06/22 17:25:00,AQUA_M-T,Brasil,PARA,ALTAMIRA,Amazonia,17,0,0.8,-8.001,-55.111,49.1
2021/06/22 17:25:00,AQUA_M-T,Brasil,TOCANTINS,GOIATINS,Cerrado,34,0,1,-8.006,-47.594,82.2
2021/06/22 17:25:00,AQUA_M-T,Brasil,MATO GROSSO,GAUCHA DO NORTE,Amazonia,31,0,0.8,-12.429,-53.369,24.5
2021/06/22 17:25:00,AQUA_M-T,Brasil,GOIAS,MINEIROS,Cerrado,11,0,1,-17.231,-52.839,6.9
2021/06/22 17:25:00,AQUA_M-T,Brasil,TOCANTINS,COUTO MAGALHAES,Cerrado,29,0,1,-8.274,-49.124,46.8
2021/06/22 17:25:00,AQUA_M-T,Brasil,TOCANTINS,COUTO MAGALHAES,Cerrado,30,0,1,-8.274,-49.131,48.4
2021/06/22 17:25:00,AQUA_M-T,Brasil,MATO GROSSO DO SUL,CORUMBA,Pantanal,11,0,1,-17.807,-55.895,27.9
2021/06/22 17:25:00,AQUA_M-T,Brasil,TOCANTINS,COUTO MAGALHAES,Cerrado,32,0,0.9,-8.475,-49.049,71.2
2021/06/22 17:25:00,AQUA_M-T,Brasil,PARA,SANTA MARIA DAS BARREIRAS,Amazonia,37,0,1,-8.615,-50.38,29.2
2021/06/22 17:25:00,AQUA_M-T,Brasil,MATO GROSSO,GAUCHA DO NORTE,Amazonia,31,0,0.7,-12.431,-53.374,19.3
2021/06/22 17:25:00,AQUA_M-T,Brasil,MATO GROSSO DO SUL,CORUMBA,Pantanal,11,0,1,-17.808,-55.905,10
2021/06/22 17:25:00,AQUA_M-T,Brasil,PARA,CUMARU DO NORTE,Amazonia,35,0,1,-8.685,-51.382,17.9
2021/06/22 17:25:00,AQUA_M-T,Brasil,MATO GROSSO,PORTO ALEGRE DO NORTE,Amazonia,32,0,1,-10.715,-51.943,17.8
2021/06/22 17:25:00,AQUA_M-T,Brasil,MATO GROSSO,SAO FELIX DO ARAGUAIA,Amazonia,33,0,0.6,-11.383,-52.755,35
2021/06/22 17:25:00,AQUA_M-T,Brasil,AMAZONAS,NOVO ARIPUANA,Amazonia,1,0,0.7,-8.686,-61.412,14.4
2021/06/22 17:25:00,AQUA_M-T,Brasil,MATO GROSSO DO SUL,CORUMBA,Pantanal,11,0,1,-17.899,-55.769,11.5
2021/06/22 17:25:00,AQUA_M-T,Brasil,AMAZONAS,NOVO ARIPUANA,Amazonia,2,0,0.4,-8.697,-61.411,15.9
2021/06/22 17:25:00,AQUA_M-T,Brasil,PARA,SANTA MARIA DAS BARREIRAS,Amazonia,31,0,1,-8.885,-49.871,33.7
2021/06/22 17:25:00,AQUA_M-T,Brasil,MATO GROSSO,PARANATINGA,Amazonia,51,0,0.8,-12.457,-54.073,12.1
2021/06/22 17:25:00,AQUA_M-T,Brasil,MATO GROSSO DO SUL,CORUMBA,Pantanal,11,0,1,-17.9,-55.778,5.1
2021/06/22 17:25:00,AQUA_M-T,Brasil,TOCANTINS,GOIANORTE,Cerrado,39,0,1,-8.931,-49.135,26.9
2021/06/22 17:25:00,AQUA_M-T,Brasil,TOCANTINS,GOIANORTE,Cerrado,39,0,1,-8.935,-49.161,44.8
2021/06/22 17:25:00,AQUA_M-T,Brasil,MINAS GERAIS,VAZANTE,Cerrado,10,0,1,-18.189,-47.019,23.8
2021/06/22 17:25:00,AQUA_M-T,Brasil,TOCANTINS,SANTA RITA DO TOCANTINS,Cerrado,35,0,1,-11.045,-49.698,25.1
2021/06/22 17:25:00,AQUA_M-T,Bolivia,Santa Cruz,Chiquitos,,10,0,1,-18.463,-59.008,14.4
2021/06/22 17:25:00,AQUA_M-T,Bolivia,Santa Cruz,Chiquitos,,10,0,1,-18.468,-59.002,44.7
2021/06/22 17:25:00,AQUA_M-T,Bolivia,Santa Cruz,Chiquitos,,8,0,1,-18.47,-58.935,64.9
2021/06/22 17:25:00,AQUA_M-T,Brasil,MATO GROSSO,SAO FELIX DO ARAGUAIA,Cerrado,35,0,1,-11.704,-51.647,15.7
2021/06/22 17:25:00,AQUA_M-T,Bolivia,Santa Cruz,Chiquitos,,8,0,1,-18.472,-58.948,112.7
2021/06/22 17:25:00,AQUA_M-T,Brasil,MATO GROSSO DO SUL,MARACAJU,Cerrado,0,0,0.1,-21.593,-55.782,29.6
2021/06/22 17:25:00,AQUA_M-T,Brasil,MATO GROSSO,NOVA CANAA DO NORTE,Amazonia,23,0,0.6,-10.785,-56.252,13.5
2021/06/22 17:25:00,AQUA_M-T,Brasil,MATO GROSSO DO SUL,GUIA LOPES DA LAGUNA,Cerrado,0,0,0.5,-21.594,-55.792,19.8
2021/06/22 17:25:00,AQUA_M-T,Brasil,MATO GROSSO,BRASNORTE,Cerrado,25,0,1,-12.881,-58.006,7.1
2021/06/22 17:25:00,AQUA_M-T,Brasil,MATO GROSSO DO SUL,PONTA PORA,Cerrado,5,0,0.9,-21.895,-55.975,5.1
2021/06/22 17:25:00,AQUA_M-T,Brasil,MATO GROSSO DO SUL,BELA VISTA,Cerrado,2,0,1,-21.959,-56.68,8.7
2021/06/22 17:25:00,AQUA_M-T,Brasil,MATO GROSSO,UNIAO DO SUL,Amazonia,31,0,0.6,-11.42,-54.259,13.1
2021/06/22 17:25:00,AQUA_M-T,Brasil,MATO GROSSO,BRASNORTE,Cerrado,29,0,0.7,-12.992,-57.819,29.5
2021/06/22 17:25:00,AQUA_M-T,Bolivia,Santa Cruz,Jose Miguel de Velasco,,11,0,1,-15.425,-60.47,13
2021/06/22 17:25:00,AQUA_M-T,Brasil,MATO GROSSO,RIBEIRAO CASCALHEIRA,Amazonia,32,0,0.8,-13.079,-52.048,44.6
2021/06/22 17:25:00,AQUA_M-T,Bolivia,Santa Cruz,Jose Miguel de Velasco,,11,0.3,0.5,-15.444,-60.997,12.6
2021/06/22 17:25:00,AQUA_M-T,Bolivia,Santa Cruz,Jose Miguel de Velasco,,9,0,1,-15.482,-60.737,31
2021/06/22 17:25:00,AQUA_M-T,Brasil,MATO GROSSO,UNIAO DO SUL,Amazonia,31,0,0.7,-11.421,-54.269,29
2021/06/22 17:25:00,AQUA_M-T,Brasil,MATO GROSSO,RIBEIRAO CASCALHEIRA,Amazonia,32,0,1,-13.092,-52.059,25.4
2021/06/22 17:25:00,AQUA_M-T,Bolivia,Santa Cruz,Jose Miguel de Velasco,,9,0,1,-15.482,-60.746,52.3
2021/06/22 17:25:00,AQUA_M-T,Brasil,TOCANTINS,PORTO NACIONAL,Cerrado,29,0,1,-10.196,-48.574,72.1
2021/06/22 17:25:00,AQUA_M-T,Brasil,MATO GROSSO,NOVA CANAA DO NORTE,Amazonia,23,0,0.6,-10.786,-56.261,12
2021/06/22 17:25:00,AQUA_M-T,Bolivia,Santa Cruz,Jose Miguel de Velasco,,9,0.1,1,-15.484,-60.752,30.6
2021/06/22 17:25:00,AQUA_M-T,Brasil,MATO GROSSO,GAUCHA DO NORTE,Amazonia,32,0,0.9,-13.14,-52.932,51.1
2021/06/22 17:25:00,AQUA_M-T,Bolivia,Santa Cruz,Jose Miguel de Velasco,,9,0,1,-15.494,-60.744,74.1
2021/06/22 17:25:00,AQUA_M-T,Bolivia,Santa Cruz,Jose Miguel de Velasco,,8,1,0.8,-15.789,-60.641,14.9
2021/06/22 17:25:00,AQUA_M-T,Brasil,MATO GROSSO,NOVO HORIZONTE DO NORTE,Amazonia,30,0,1,-11.446,-57.139,7.6
2021/06/22 17:25:00,AQUA_M-T,Brasil,MATO GROSSO,COMODORO,Amazonia,29,0.1,0.7,-13.522,-60.318,463.3
2021/06/22 17:25:00,AQUA_M-T,Bolivia,Santa Cruz,Jose Miguel de Velasco,,8,1.3,0.8,-15.8,-60.64,45.6
2021/06/22 17:25:00,AQUA_M-T,Bolivia,Santa Cruz,Nuflo de Chavez,,10,0,0.3,-15.926,-61.675,96.5
2021/06/22 17:25:00,AQUA_M-T,Brasil,MATO GROSSO,COMODORO,Amazonia,29,0.1,0.7,-13.533,-60.316,78
2021/06/22 17:25:00,AQUA_M-T,Bolivia,Santa Cruz,Jose Miguel de Velasco,,11,0,0.6,-15.98,-61.21,20.1
2021/06/22 17:25:00,AQUA_M-T,Bolivia,Santa Cruz,Jose Miguel de Velasco,,11,0,0.6,-15.984,-61.197,19.4
2021/06/22 17:25:00,AQUA_M-T,Brasil,MATO GROSSO,NOVO HORIZONTE DO NORTE,Amazonia,30,0,0.9,-11.447,-57.148,4.4
2021/06/22 17:25:00,AQUA_M-T,Brasil,MATO GROSSO,COMODORO,Amazonia,29,0.1,0.8,-13.535,-60.33,47.9
2021/06/22 17:25:00,AQUA_M-T,Bolivia,Santa Cruz,Jose Miguel de Velasco,,11,0,0.6,-16.038,-61.289,13.2
2021/06/22 17:25:00,AQUA_M-T,Brasil,MATO GROSSO,LUCIARA,Cerrado,33,0,1,-10.797,-50.644,25
2021/06/22 17:25:00,AQUA_M-T,Bolivia,Santa Cruz,Nuflo de Chavez,,10,0,0.3,-16.042,-61.882,22.7
2021/06/22 17:25:00,AQUA_M-T,Brasil,MATO GROSSO,SORRISO,Cerrado,28,0,0.7,-13.587,-55.274,11
2021/06/22 17:25:00,AQUA_M-T,Bolivia,Santa Cruz,Jose Miguel de Velasco,,10,0.5,0.8,-16.066,-60.759,16.1
2021/06/22 17:25:00,AQUA_M-T,Bolivia,Santa Cruz,Jose Miguel de Velasco,,10,0.5,0.8,-16.128,-60.784,17.9
2021/06/22 17:25:00,AQUA_M-T,Brasil,MATO GROSSO,CLAUDIA,Amazonia,30,0,0.6,-11.455,-55.105,73.4
2021/06/22 17:25:00,AQUA_M-T,Brasil,MATO GROSSO,SANTA RITA DO TRIVELATO,Cerrado,29,0,1,-13.596,-55.273,15.6
2021/06/22 17:25:00,AQUA_M-T,Bolivia,Santa Cruz,Jose Miguel de Velasco,,10,0.6,0.8,-16.13,-60.799,24.7
2021/06/22 17:25:00,AQUA_M-T,Bolivia,Santa Cruz,Jose Miguel de Velasco,,10,0.4,0.6,-16.136,-60.777,14.1
2021/06/22 17:25:00,AQUA_M-T,Brasil,MATO GROSSO,CAMPO NOVO DO PARECIS,Cerrado,29,0,1,-13.613,-58.126,44.4
2021/06/22 17:25:00,AQUA_M-T,Bolivia,Santa Cruz,Jose Miguel de Velasco,,10,0.4,0.6,-16.137,-60.793,125.4
2021/06/22 17:25:00,AQUA_M-T,Brasil,MATO GROSSO,PARANATINGA,Cerrado,20,0,1,-14.064,-53.614,16.6
2021/06/22 17:25:00,AQUA_M-T,Bolivia,Santa Cruz,Obispo Santistevan,,10,0,0.9,-17.022,-63.136,14.2
2021/06/22 17:25:00,AQUA_M-T,Bolivia,Santa Cruz,Jose Miguel de Velasco,,11,0,0.9,-17.092,-60.659,33
2021/06/22 17:25:00,AQUA_M-T,Brasil,MATO GROSSO,CLAUDIA,Amazonia,30,0,0.7,-11.616,-54.756,27
2021/06/22 17:25:00,AQUA_M-T,Brasil,MATO GROSSO,PARANATINGA,Cerrado,20,0,1,-14.066,-53.625,18.9
2021/06/22 17:25:00,AQUA_M-T,Bolivia,Santa Cruz,Jose Miguel de Velasco,,11,0,0.9,-17.101,-60.651,114.9
2021/06/22 17:25:00,AQUA_M-T,Brasil,MATO GROSSO,CONFRESA,Amazonia,33,0,1,-10.283,-51.836,64
2021/06/22 17:25:00,AQUA_M-T,Brasil,TOCANTINS,LAGOA DA CONFUSAO,Cerrado,36,0,1,-10.896,-49.736,24.6
2021/06/22 17:25:00,AQUA_M-T,Bolivia,Santa Cruz,Jose Miguel de Velasco,,11,0,0.9,-17.102,-60.642,21.5
2021/06/22 17:25:00,AQUA_M-T,Brasil,MATO GROSSO,AGUA BOA,Cerrado,17,0,1,-14.075,-51.863,9.8
2021/06/22 17:25:00,AQUA_M-T,Bolivia,Santa Cruz,Jose Miguel de Velasco,,11,0,0.9,-17.102,-60.668,194.6
2021/06/22 17:25:00,AQUA_M-T,Bolivia,Santa Cruz,Jose Miguel de Velasco,,11,0,0.9,-17.104,-60.658,172.2
2021/06/22 17:25:00,AQUA_M-T,Brasil,MATO GROSSO,SAO FELIX DO ARAGUAIA,Cerrado,35,0,0.8,-11.618,-50.846,30.8
2021/06/22 17:25:00,AQUA_M-T,Brasil,MATO GROSSO,TANGARA DA SERRA,Amazonia,29,0,1,-14.757,-57.902,5.8
2021/06/22 17:25:00,AQUA_M-T,Bolivia,Santa Cruz,Jose Miguel de Velasco,,11,0,0.9,-17.106,-60.674,81.1
2021/06/22 17:25:00,AQUA_M-T,Bolivia,Santa Cruz,Jose Miguel de Velasco,,11,0,0.9,-17.112,-60.65,46.2
2021/06/22 17:25:00,AQUA_M-T,Brasil,MATO GROSSO,VILA BELA DA SANTISSIMA TRINDADE,Amazonia,11,0,0.8,-15.071,-59.925,15.9
2021/06/22 17:25:00,AQUA_M-T,Bolivia,Santa Cruz,Sara,,11,0,0.6,-17.249,-63.603,15.7
2021/06/22 17:25:00,AQUA_M-T,Bolivia,Santa Cruz,Chiquitos,,21,0,1,-17.472,-60.613,17.3
2021/06/22 17:25:00,AQUA_M-T,Brasil,MATO GROSSO,SAO FELIX DO ARAGUAIA,Cerrado,35,0,1,-11.621,-50.864,299.3
2021/06/22 17:25:00,AQUA_M-T,Brasil,MATO GROSSO,PONTES E LACERDA,Amazonia,11,0,1,-15.177,-59.403,7.2
2021/06/22 17:25:00,AQUA_M-T,Bolivia,Santa Cruz,Chiquitos,,20,0,1,-17.474,-60.603,16.2
2021/06/22 17:25:00,AQUA_M-T,Brasil,MATO GROSSO,SAO JOSE DO XINGU,Amazonia,18,0,0.7,-10.931,-52.589,20.7
2021/06/22 17:25:00,AQUA_M-T,Bolivia,Santa Cruz,Chiquitos,,22,0,1,-17.476,-60.619,10
2021/06/22 17:25:00,AQUA_M-T,Brasil,MATO GROSSO,POXOREU,Cerrado,24,0,1,-15.419,-53.912,22.3
2021/06/22 17:25:00,AQUA_M-T,Bolivia,Santa Cruz,Chiquitos,,12,0,1,-17.52,-61.86,22.9
2021/06/22 17:25:00,AQUA_M-T,Bolivia,Santa Cruz,Chiquitos,,11,0,1,-17.535,-61.864,39.4
2021/06/22 17:25:00,AQUA_M-T,Brasil,MATO GROSSO,CLAUDIA,Amazonia,30,0,0.7,-11.627,-54.764,16
2021/06/22 17:25:00,AQUA_M-T,Bolivia,Santa Cruz,Chiquitos,,12,0,0.9,-18.31,-59.035,36
2021/06/22 17:25:00,AQUA_M-T,Brasil,MATO GROSSO,SAO FELIX DO ARAGUAIA,Cerrado,33,0,1,-11.701,-51.631,36.5
2021/06/22 17:25:00,AQUA_M-T,Bolivia,Santa Cruz,Chiquitos,,11,0,0.9,-18.312,-59.048,7.4
2021/06/22 17:25:00,AQUA_M-T,Bolivia,Santa Cruz,Chiquitos,,7,0,0.8,-18.565,-58.456,159.1
2021/06/22 17:25:00,AQUA_M-T,Bolivia,Santa Cruz,Chiquitos,,7,0,0.9,-18.566,-58.468,28.4
2021/06/22 17:25:00,AQUA_M-T,Brasil,MATO GROSSO,SANTA CARMEM,Amazonia,31,0,0.7,-11.757,-54.66,17.8
2021/06/22 17:25:00,AQUA_M-T,Brasil,PARA,NOVO PROGRESSO,Amazonia,12,0,0.4,-7.113,-55.328,20.6
2021/06/22 17:25:00,AQUA_M-T,Bolivia,Santa Cruz,Chiquitos,,7,0,0.8,-18.572,-58.45,110.2
2021/06/22 17:25:00,AQUA_M-T,Bolivia,Santa Cruz,Chiquitos,,7,0,0.9,-18.573,-58.443,6.9
2021/06/22 17:25:00,AQUA_M-T,Brasil,PARA,NOVO PROGRESSO,Amazonia,13,0,0.4,-7.114,-55.338,12.6
2021/06/22 17:25:00,AQUA_M-T,Bolivia,Santa Cruz,Chiquitos,,7,0,0.8,-18.574,-58.462,87.9
2021/06/22 17:25:00,AQUA_M-T,Bolivia,Santa Cruz,Chiquitos,,7,0,0.8,-18.575,-58.455,47.4
2021/06/22 17:25:00,AQUA_M-T,Brasil,MATO GROSSO,SANTA CRUZ DO XINGU,Amazonia,20,0,0.5,-10.105,-52.753,18.9
2021/06/22 17:25:00,AQUA_M-T,Brasil,MATO GROSSO,SANTA CARMEM,Amazonia,31,0,0.9,-11.758,-54.67,69
2021/06/22 17:25:00,AQUA_M-T,Brasil,MARANHAO,CAROLINA,Cerrado,8,0.5,1,-7.233,-47.305,55.2
2021/06/22 17:25:00,AQUA_M-T,Bolivia,Santa Cruz,Chiquitos,,10,0,0.7,-18.624,-58.211,8.2
2021/06/22 17:25:00,AQUA_M-T,Brasil,MATO GROSSO,SANTA CRUZ DO XINGU,Amazonia,35,0,0.7,-10.352,-52.844,61.8
2021/06/22 17:25:00,AQUA_M-T,Brasil,MATO GROSSO,LUCIARA,Cerrado,35,0,1,-11.101,-51.288,71.1
2021/06/22 17:25:00,AQUA_M-T,Bolivia,Santa Cruz,Chiquitos,,8,0,1,-18.473,-58.961,20.4
2021/06/22 17:25:00,AQUA_M-T,Bolivia,Santa Cruz,Chiquitos,,9,0,1,-18.48,-58.934,27.6
2021/06/22 17:25:00,AQUA_M-T,Bolivia,Santa Cruz,Chiquitos,,10,0,1,-18.489,-58.999,38.2
2021/06/22 17:25:00,AQUA_M-T,Brasil,MATO GROSSO,SANTA CARMEM,Amazonia,30,0,0.7,-11.748,-54.661,251.5
2021/06/22 17:25:00,AQUA_M-T,Bolivia,Santa Cruz,Chiquitos,,11,0,1,-18.49,-59.012,21.2
2021/06/22 17:25:00,AQUA_M-T,Brasil,MATO GROSSO,CONFRESA,Amazonia,35,0,1,-10.288,-51.867,38.1
2021/06/22 17:25:00,AQUA_M-T,Brasil,MATO GROSSO,MARCELANDIA,Amazonia,34,0,1,-11.054,-54.47,29.5
2021/06/22 17:25:00,AQUA_M-T,Bolivia,Santa Cruz,Chiquitos,,10,0,1,-18.496,-58.971,20.2
2021/06/22 17:25:00,AQUA_M-T,Bolivia,Santa Cruz,Chiquitos,,10,0,1,-18.497,-58.984,212
2021/06/22 17:25:00,AQUA_M-T,Bolivia,Santa Cruz,Chiquitos,,11,0,1,-18.499,-58.998,71.8
2021/06/22 17:25:00,AQUA_M-T,Brasil,MATO GROSSO,SANTA CARMEM,Amazonia,30,0,0.9,-11.749,-54.671,75.1
2021/06/22 17:25:00,AQUA_M-T,Bolivia,Santa Cruz,Chiquitos,,10,0,0.9,-18.51,-58.917,11.6
2021/06/22 17:25:00,AQUA_M-T,Bolivia,Santa Cruz,Chiquitos,,11,0,0.8,-18.518,-58.328,54.4
2021/06/22 17:25:00,AQUA_M-T,Bolivia,Santa Cruz,Chiquitos,,11,0,0.8,-18.526,-58.315,8.7
2021/06/22 17:25:00,AQUA_M-T,Bolivia,Santa Cruz,Chiquitos,,11,0,0.8,-18.528,-58.327,32
2021/06/22 17:25:00,AQUA_M-T,Brasil,MATO GROSSO,JUARA,Amazonia,21,0,1,-11.753,-57.889,24.2
2021/06/22 17:25:00,AQUA_M-T,Bolivia,Santa Cruz,Chiquitos,,11,0,0.9,-18.561,-58.929,27.7
2021/06/22 17:25:00,AQUA_M-T,Brasil,MATO GROSSO,LUCIARA,Cerrado,35,0,1,-11.099,-51.272,27.2
2021/06/22 17:25:00,AQUA_M-T,Bolivia,Santa Cruz,Chiquitos,,10,0,0.9,-18.563,-58.942,7.7
2021/06/22 17:25:00,AQUA_M-T,Brasil,PARA,NOVO PROGRESSO,Amazonia,14,0,0.4,-7.11,-55.334,25
2021/06/22 17:25:00,AQUA_M-T,Brasil,PARA,SANTA MARIA DAS BARREIRAS,Amazonia,35,0,1,-8.956,-50.472,33.7
2021/06/22 17:25:00,AQUA_M-T,Brasil,PARA,SANTANA DO ARAGUAIA,Amazonia,35,0,0.9,-8.969,-50.469,28.8
2021/06/22 17:25:00,AQUA_M-T,Brasil,MATO GROSSO,PARANATINGA,Amazonia,48,0,0.8,-12.459,-54.083,22.2
2021/06/22 17:25:00,AQUA_M-T,Brasil,MATO GROSSO DO SUL,CORUMBA,Pantanal,11,0,0.7,-18.805,-57.317,11.5
2021/06/22 17:25:00,AQUA_M-T,Brasil,MATO GROSSO,COLNIZA,Amazonia,5,0,0.4,-9.025,-59.938,29.5
2021/06/22 17:25:00,AQUA_M-T,Brasil,MATO GROSSO,UNIAO DO SUL,Amazonia,21,0,0.7,-11.412,-54.399,31.4
2021/06/22 17:25:00,AQUA_M-T,Brasil,TOCANTINS,DOIS IRMAOS DO TOCANTINS,Cerrado,30,0,1,-9.075,-49.264,27.7
2021/06/22 17:25:00,AQUA_M-T,Brasil,MATO GROSSO DO SUL,CORUMBA,Pantanal,11,0,0.8,-18.944,-57.378,6.3
2021/06/22 17:25:00,AQUA_M-T,Brasil,TOCANTINS,DOIS IRMAOS DO TOCANTINS,Cerrado,30,0,1,-9.076,-49.259,29.5
2021/06/22 17:25:00,AQUA_M-T,Brasil,TOCANTINS,PEDRO AFONSO,Cerrado,29,0,0.6,-9.197,-47.904,46
2021/06/22 17:25:00,AQUA_M-T,Brasil,MATO GROSSO,NOVO SANTO ANTONIO,Cerrado,21,0,1,-12.502,-50.702,33.6
2021/06/22 17:25:00,AQUA_M-T,Brasil,TOCANTINS,PEDRO AFONSO,Cerrado,30,0,0.6,-9.204,-47.898,140.3
2021/06/22 17:25:00,AQUA_M-T,Brasil,TOCANTINS,PEDRO AFONSO,Cerrado,28,0,1,-9.209,-47.931,57.3
2021/06/22 17:25:00,AQUA_M-T,Brasil,MATO GROSSO DO SUL,MIRANDA,Cerrado,11,0,0.3,-19.984,-56.847,34.2
2021/06/22 17:25:00,AQUA_M-T,Brasil,TOCANTINS,PEDRO AFONSO,Cerrado,31,0,0.6,-9.213,-47.902,107.1
2021/06/22 17:25:00,AQUA_M-T,Brasil,MATO GROSSO DO SUL,MIRANDA,Cerrado,11,0,0.2,-19.993,-56.845,12.6
2021/06/22 17:25:00,AQUA_M-T,Brasil,MATO GROSSO,VILA RICA,Amazonia,34,0,0.6,-10.047,-52.082,17.7
2021/06/22 17:25:00,AQUA_M-T,Brasil,MATO GROSSO,UNIAO DO SUL,Amazonia,19,0,0.7,-11.413,-54.41,20.1
2021/06/22 17:25:00,AQUA_M-T,Brasil,MATO GROSSO,NOVO SANTO ANTONIO,Cerrado,24,0,1,-12.511,-50.683,20
2021/06/22 17:25:00,AQUA_M-T,Brasil,MATO GROSSO DO SUL,TERENOS,Cerrado,11,0.2,0,-20.216,-54.99,19.4
2021/06/22 17:25:00,AQUA_M-T,Brasil,TOCANTINS,PORTO NACIONAL,Cerrado,28,0,1,-10.195,-48.567,169.3
2021/06/22 17:25:00,AQUA_M-T,Brasil,MATO GROSSO,PORTO ALEGRE DO NORTE,Amazonia,32,0,1,-10.725,-51.935,15.5
2021/06/22 17:25:00,AQUA_M-T,Brasil,MATO GROSSO,SAPEZAL,Cerrado,29,0,1,-12.873,-58.834,20.9
2021/06/22 17:25:00,AQUA_M-T,Brasil,MATO GROSSO DO SUL,PORTO MURTINHO,Pantanal,0,0,1,-21.474,-57.835,15.7
2021/06/22 17:25:00,AQUA_M-T,Brasil,MATO GROSSO DO SUL,PORTO MURTINHO,Pantanal,0,0,0.6,-21.475,-57.848,5.3
2021/06/22 17:25:00,AQUA_M-T,Brasil,MATO GROSSO,SAO FELIX DO ARAGUAIA,Amazonia,27,0,1,-11.418,-52.595,23.4
2021/06/22 17:25:00,AQUA_M-T,Brasil,MATO GROSSO,BRASNORTE,Amazonia,25,0,1,-12.88,-57.997,11.3
2021/06/22 17:25:00,AQUA_M-T,Brasil,MATO GROSSO DO SUL,MIRANDA,Cerrado,11,0,0.9,-19.983,-56.836,8.2
2021/06/22 17:30:00,AQUA_M-T,Brasil,AMAZONAS,ITACOATIARA,Amazonia,2,0,0.1,-3.03,-58.892,9
2021/06/22 17:30:00,AQUA_M-T,Venezuela,Aragua,Urdaneta,,3,6.5,0.3,9.344,-66.732,15.2
2021/06/22 17:30:00,AQUA_M-T,Brasil,PARA,OBIDOS,Amazonia,1,0.7,0,-1.808,-55.69,13.6
2021/06/22 17:30:00,AQUA_M-T,Brasil,RORAIMA,MUCAJAI,Amazonia,2,7.8,0,2.579,-61.044,16.6
2021/06/22 17:30:00,AQUA_M-T,Brasil,RORAIMA,BONFIM,Amazonia,2,6.7,0,2.726,-60.09,6.1
2021/06/22 17:30:00,AQUA_M-T,Brasil,AMAZONAS,URUCARA,Amazonia,0,1.7,0,-2.459,-57.668,4.8
2021/06/22 17:30:00,AQUA_M-T,Brasil,AMAZONAS,SILVES,Amazonia,2,3.9,0,-2.894,-58.453,6.2
2021/06/22 17:30:00,AQUA_M-T,Brasil,RORAIMA,BONFIM,Amazonia,2,6.9,0,2.724,-60.098,20.3
2021/06/22 17:30:00,AQUA_M-T,Brasil,AMAZONAS,IRANDUBA,Amazonia,2,0,0,-3.058,-60.565,5.7
2021/06/22 17:30:00,AQUA_M-T,Brasil,AMAZONAS,ITACOATIARA,Amazonia,0,0.9,0,-3.171,-59.103,34.4
2021/06/22 17:30:00,AQUA_M-T,Brasil,AMAZONAS,CAREIRO DA VARZEA,Amazonia,0,0.1,0,-3.292,-59.377,9.2
2021/06/22 17:30:00,AQUA_M-T,Brasil,AMAZONAS,AUTAZES,Amazonia,0,1.1,0,-3.416,-59.213,9.1
2021/06/22 17:30:00,AQUA_M-T,Brasil,AMAZONAS,CAREIRO,Amazonia,0,0,0,-3.424,-60.044,6.1
2021/06/22 17:30:00,AQUA_M-T,Brasil,AMAZONAS,MAUES,Amazonia,3,0.1,0,-3.695,-57.365,6.6
2021/06/22 17:30:00,AQUA_M-T,Brasil,AMAZONAS,BORBA,Amazonia,0,0,0,-4.384,-59.879,8.8
2021/06/22 17:30:00,AQUA_M-T,Brasil,PARA,SAO FELIX DO XINGU,Amazonia,4,0.3,0.3,-5.235,-50.851,19.5
2021/06/22 19:00:00,AQUA_M-T,Argentina,Mendoza,Rivadavia,,6,0,0.8,-33.307,-68.376,13.3
2021/06/22 19:05:00,AQUA_M-T,Peru,Piura,Piura,,2,0.3,1,-4.713,-80.087,9.5
2021/06/22 19:05:00,AQUA_M-T,Peru,Piura,Sullana,,2,0,1,-4.713,-80.513,57.7
2021/06/22 19:05:00,AQUA_M-T,Peru,Lambayeque,Chiclayo,,4,0,-999,-6.778,-79.611,9.4
2021/06/22 19:05:00,AQUA_M-T,Peru,Lambayeque,Chiclayo,,4,0,1,-6.78,-79.621,10.5
2021/06/22 19:05:00,AQUA_M-T,Peru,Piura,Sullana,,4,0,1,-4.876,-80.633,8.5
2021/06/22 19:05:00,AQUA_M-T,Peru,Lambayeque,Ferrenafe,,2,0,1,-6.635,-79.821,5.6
2021/06/22 19:05:00,AQUA_M-T,Peru,Piura,Sullana,,2,0,1,-4.714,-80.523,17.7
2021/06/22 19:05:00,AQUA_M-T,Peru,Piura,Piura,,2,0,1,-4.756,-80.309,36.2
2021/06/22 19:10:00,AQUA_M-T,Ecuador,Manabi,Sucre,,7,0,1,-0.856,-80.485,7.7
2021/06/23 16:30:00,AQUA_M-T,Brasil,GOIAS,SAO LUIZ DO NORTE,Cerrado,,,,-14.863,-49.24,17.3
2021/06/23 16:30:00,AQUA_M-T,Brasil,BAHIA,COCOS,Cerrado,,,,-14.63,-45.192,13.4
2021/06/23 16:30:00,AQUA_M-T,Brasil,BAHIA,COCOS,Cerrado,,,,-14.509,-44.886,8.1
2021/06/23 16:30:00,AQUA_M-T,Brasil,MARANHAO,PARNARAMA,Cerrado,,,,-5.658,-43.525,42.8
2021/06/23 16:30:00,AQUA_M-T,Brasil,GOIAS,SAO JOAO D'ALIANCA,Cerrado,,,,-14.314,-47.34,17.5
2021/06/23 16:30:00,AQUA_M-T,Brasil,GOIAS,MUTUNOPOLIS,Cerrado,,,,-13.861,-49.201,27.2
2021/06/23 16:30:00,AQUA_M-T,Brasil,BAHIA,RIACHO DE SANTANA,Caatinga,,,,-13.708,-43.026,51.3
2021/06/23 16:30:00,AQUA_M-T,Brasil,MATO GROSSO,SANTA CRUZ DO XINGU,Amazonia,,,,-10.117,-52.204,210.2
2021/06/23 16:30:00,AQUA_M-T,Brasil,BAHIA,BOM JESUS DA LAPA,Cerrado,,,,-13.6,-43.438,8.7
2021/06/23 16:30:00,AQUA_M-T,Brasil,MARANHAO,PARNARAMA,Cerrado,,,,-5.656,-43.516,118.8
2021/06/23 16:30:00,AQUA_M-T,Brasil,BAHIA,TANQUE NOVO,Caatinga,,,,-13.534,-42.573,5.5
2021/06/23 16:30:00,AQUA_M-T,Brasil,BAHIA,TANQUE NOVO,Caatinga,,,,-13.532,-42.564,15.9
2021/06/23 16:30:00,AQUA_M-T,Brasil,GOIAS,MONTE ALEGRE DE GOIAS,Cerrado,,,,-13.407,-47.117,78.8
2021/06/23 16:30:00,AQUA_M-T,Brasil,GOIAS,MONTE ALEGRE DE GOIAS,Cerrado,,,,-13.407,-47.11,93.9
2021/06/23 16:30:00,AQUA_M-T,Brasil,MARANHAO,PARNARAMA,Cerrado,,,,-5.448,-43.733,15.5
2021/06/23 16:30:00,AQUA_M-T,Brasil,GOIAS,MONTE ALEGRE DE GOIAS,Cerrado,,,,-13.405,-47.102,34.4
2021/06/23 16:30:00,AQUA_M-T,Brasil,GOIAS,MONTE ALEGRE DE GOIAS,Cerrado,,,,-13.398,-47.133,15.1
2021/06/23 16:30:00,AQUA_M-T,Brasil,GOIAS,MONTE ALEGRE DE GOIAS,Cerrado,,,,-13.396,-47.118,612.4
2021/06/23 16:30:00,AQUA_M-T,Brasil,GOIAS,MONTE ALEGRE DE GOIAS,Cerrado,,,,-13.394,-47.103,48.7
2021/06/23 16:30:00,AQUA_M-T,Brasil,MARANHAO,PARNARAMA,Cerrado,,,,-5.447,-43.724,54.3
2021/06/23 16:30:00,AQUA_M-T,Brasil,BAHIA,SAO DESIDERIO,Cerrado,,,,-12.995,-45.378,45.8
2021/06/23 16:30:00,AQUA_M-T,Brasil,BAHIA,SAO DESIDERIO,Cerrado,,,,-12.993,-45.367,233.9
2021/06/23 16:30:00,AQUA_M-T,Brasil,BAHIA,SAO DESIDERIO,Cerrado,,,,-12.992,-45.355,14.4
2021/06/23 16:30:00,AQUA_M-T,Brasil,BAHIA,SAO DESIDERIO,Cerrado,,,,-12.983,-45.368,17.2
2021/06/23 16:30:00,AQUA_M-T,Brasil,MARANHAO,PARNARAMA,Cerrado,,,,-5.439,-43.734,20.1
2021/06/23 16:30:00,AQUA_M-T,Brasil,BAHIA,LUIS EDUARDO MAGALHAES,Cerrado,,,,-12.43,-46.108,17.4
2021/06/23 16:30:00,AQUA_M-T,Brasil,BAHIA,LUIS EDUARDO MAGALHAES,Cerrado,,,,-12.398,-45.867,18.3
2021/06/23 16:30:00,AQUA_M-T,Brasil,BAHIA,LUIS EDUARDO MAGALHAES,Cerrado,,,,-12.397,-45.855,22.6
2021/06/23 16:30:00,AQUA_M-T,Brasil,MATO GROSSO,NOVA XAVANTINA,Cerrado,,,,-14.33,-52.752,47.8
2021/06/23 16:30:00,AQUA_M-T,Brasil,BAHIA,LUIS EDUARDO MAGALHAES,Cerrado,,,,-12.39,-45.725,17.7
2021/06/23 16:30:00,AQUA_M-T,Brasil,MARANHAO,PARNARAMA,Cerrado,,,,-5.438,-43.725,130.4
2021/06/23 16:30:00,AQUA_M-T,Brasil,BAHIA,BARREIRAS,Cerrado,,,,-12.249,-45.439,16.9
2021/06/23 16:30:00,AQUA_M-T,Brasil,BAHIA,BARREIRAS,Cerrado,,,,-12.247,-45.428,62.2
2021/06/23 16:30:00,AQUA_M-T,Brasil,BAHIA,ANGICAL,Cerrado,,,,-11.906,-44.791,74
2021/06/23 16:30:00,AQUA_M-T,Brasil,BAHIA,SANTA RITA DE CASSIA,Cerrado,,,,-10.968,-44.543,497.6
2021/06/23 16:30:00,AQUA_M-T,Brasil,CEARA,QUIXERAMOBIM,Caatinga,,,,-5.324,-39.428,12.6
2021/06/23 16:30:00,AQUA_M-T,Brasil,BAHIA,SANTA RITA DE CASSIA,Cerrado,,,,-10.967,-44.533,64.4
2021/06/23 16:30:00,AQUA_M-T,Brasil,BAHIA,FORMOSA DO RIO PRETO,Cerrado,,,,-10.875,-46.133,13.1
2021/06/23 16:30:00,AQUA_M-T,Brasil,BAHIA,FORMOSA DO RIO PRETO,Cerrado,,,,-10.873,-46.121,122.4
2021/06/23 16:30:00,AQUA_M-T,Brasil,MATO GROSSO,NOVA XAVANTINA,Cerrado,,,,-14.33,-52.748,42.4
2021/06/23 16:30:00,AQUA_M-T,Brasil,TOCANTINS,MATEIROS,Cerrado,,,,-10.446,-46.799,15.1
2021/06/23 16:30:00,AQUA_M-T,Brasil,BAHIA,FORMOSA DO RIO PRETO,Cerrado,,,,-10.872,-46.11,34.7
2021/06/23 16:30:00,AQUA_M-T,Brasil,MARANHAO,SENADOR ALEXANDRE COSTA,Cerrado,,,,-5.303,-43.876,18.7
2021/06/23 16:30:00,AQUA_M-T,Brasil,BAHIA,FORMOSA DO RIO PRETO,Cerrado,,,,-10.847,-45.319,14.9
2021/06/23 16:30:00,AQUA_M-T,Brasil,BAHIA,FORMOSA DO RIO PRETO,Cerrado,,,,-10.843,-45.363,13.6
2021/06/23 16:30:00,AQUA_M-T,Brasil,BAHIA,SANTA RITA DE CASSIA,Cerrado,,,,-10.692,-44.586,25.9
2021/06/23 16:30:00,AQUA_M-T,Brasil,MATO GROSSO,SANTA TEREZINHA,Amazonia,,,,-9.989,-50.522,27.3
2021/06/23 16:30:00,AQUA_M-T,Brasil,MARANHAO,SENADOR ALEXANDRE COSTA,Cerrado,,,,-5.302,-43.867,241
2021/06/23 16:30:00,AQUA_M-T,Brasil,TOCANTINS,LIZARDA,Cerrado,,,,-9.815,-47.032,18.2
2021/06/23 16:30:00,AQUA_M-T,Brasil,TOCANTINS,LIZARDA,Cerrado,,,,-9.805,-47.033,21.6
2021/06/23 16:30:00,AQUA_M-T,Brasil,MARANHAO,ALTO PARNAIBA,Cerrado,,,,-9.713,-45.975,10.1
2021/06/23 16:30:00,AQUA_M-T,Brasil,MATO GROSSO,CANARANA,Cerrado,,,,-13.647,-52.123,63.3
2021/06/23 16:30:00,AQUA_M-T,Brasil,TOCANTINS,RIO SONO,Cerrado,,,,-9.685,-47.262,33.5
2021/06/23 16:30:00,AQUA_M-T,Brasil,MARANHAO,SENADOR ALEXANDRE COSTA,Cerrado,,,,-5.301,-43.858,111.6
2021/06/23 16:30:00,AQUA_M-T,Brasil,TOCANTINS,RIO SONO,Cerrado,,,,-9.683,-47.248,56.1
2021/06/23 16:30:00,AQUA_M-T,Brasil,TOCANTINS,RIO SONO,Cerrado,,,,-9.677,-47.257,168.6
2021/06/23 16:30:00,AQUA_M-T,Brasil,TOCANTINS,RIO SONO,Cerrado,,,,-9.675,-47.244,61.1
2021/06/23 16:30:00,AQUA_M-T,Brasil,TOCANTINS,RIO SONO,Cerrado,,,,-9.674,-47.263,24.3
2021/06/23 16:30:00,AQUA_M-T,Brasil,MARANHAO,SENADOR ALEXANDRE COSTA,Cerrado,,,,-5.293,-43.869,56.6
2021/06/23 16:30:00,AQUA_M-T,Brasil,TOCANTINS,RIO SONO,Cerrado,,,,-9.672,-47.25,68
2021/06/23 16:30:00,AQUA_M-T,Brasil,TOCANTINS,PIUM,Cerrado,,,,-9.331,-50.011,55.7
2021/06/23 16:30:00,AQUA_M-T,Brasil,PARA,SANTANA DO ARAGUAIA,Amazonia,,,,-9.316,-50.17,113.4
2021/06/23 16:30:00,AQUA_M-T,Brasil,MATO GROSSO,CANARANA,Cerrado,,,,-13.64,-52.153,36.6
2021/06/23 16:30:00,AQUA_M-T,Brasil,TOCANTINS,MATEIROS,Cerrado,,,,-10.445,-46.787,307
2021/06/23 16:30:00,AQUA_M-T,Brasil,PARA,SANTANA DO ARAGUAIA,Amazonia,,,,-9.313,-50.148,111.2
2021/06/23 16:30:00,AQUA_M-T,Brasil,MARANHAO,SENADOR ALEXANDRE COSTA,Cerrado,,,,-5.292,-43.86,60.7
2021/06/23 16:30:00,AQUA_M-T,Brasil,PARA,SANTANA DO ARAGUAIA,Amazonia,,,,-9.31,-50.166,234.1
2021/06/23 16:30:00,AQUA_M-T,Brasil,PARA,SANTANA DO ARAGUAIA,Amazonia,,,,-9.307,-50.144,92.8
2021/06/23 16:30:00,AQUA_M-T,Brasil,PARA,SANTANA DO ARAGUAIA,Amazonia,,,,-9.302,-50.172,42.6
2021/06/23 16:30:00,AQUA_M-T,Brasil,PARA,SANTANA DO ARAGUAIA,Amazonia,,,,-9.299,-50.15,58.7
2021/06/23 16:30:00,AQUA_M-T,Brasil,MARANHAO,SAO JOAO DO SOTER,Cerrado,,,,-5.051,-43.795,9.5
2021/06/23 16:30:00,AQUA_M-T,Brasil,MARANHAO,ALTO PARNAIBA,Cerrado,,,,-9.222,-46.579,8.7
2021/06/23 16:30:00,AQUA_M-T,Brasil,MARANHAO,ALTO PARNAIBA,Cerrado,,,,-9.215,-46.585,27
2021/06/23 16:30:00,AQUA_M-T,Brasil,TOCANTINS,PEDRO AFONSO,Cerrado,,,,-9.199,-47.9,12.4
2021/06/23 16:30:00,AQUA_M-T,Brasil,MARANHAO,SAO JOAO DO SOTER,Cerrado,,,,-5.014,-43.598,8
2021/06/23 16:30:00,AQUA_M-T,Brasil,TOCANTINS,LAVANDEIRA,Cerrado,,,,-12.975,-46.318,51.2
2021/06/23 16:30:00,AQUA_M-T,Brasil,TOCANTINS,MATEIROS,Cerrado,,,,-10.441,-46.794,275.1
2021/06/23 16:30:00,AQUA_M-T,Brasil,MATO GROSSO,SANTA CRUZ DO XINGU,Amazonia,,,,-10.113,-52.234,48.7
2021/06/23 16:30:00,AQUA_M-T,Brasil,TOCANTINS,LAVANDEIRA,Cerrado,,,,-12.965,-46.319,53.3
2021/06/23 16:30:00,AQUA_M-T,Brasil,TOCANTINS,TAGUATINGA,Cerrado,,,,-12.499,-46.256,25
2021/06/23 16:30:00,AQUA_M-T,Brasil,TOCANTINS,MATEIROS,Cerrado,,,,-10.44,-46.781,408.9
2021/06/23 16:30:00,AQUA_M-T,Brasil,TOCANTINS,CONCEICAO DO TOCANTINS,Cerrado,,,,-11.951,-47.257,60.7
2021/06/23 16:30:00,AQUA_M-T,Brasil,TOCANTINS,MATEIROS,Cerrado,,,,-10.434,-46.788,172.1
2021/06/23 16:30:00,AQUA_M-T,Brasil,MATO GROSSO,SANTA CRUZ DO XINGU,Amazonia,,,,-10.11,-52.764,56.8
2021/06/23 16:30:00,AQUA_M-T,Brasil,MATO GROSSO,QUERENCIA,Amazonia,,,,-11.938,-52.765,67.4
2021/06/23 16:30:00,AQUA_M-T,Brasil,SAO PAULO,LIMEIRA,Cerrado,,,,-22.516,-47.37,23.2
2021/06/23 16:30:00,AQUA_M-T,Brasil,MATO GROSSO,QUERENCIA,Amazonia,,,,-11.935,-52.773,73.2
2021/06/23 16:30:00,AQUA_M-T,Brasil,MINAS GERAIS,ATALEIA,Mata Atlantica,,,,-18.251,-41.217,4.4
2021/06/23 16:30:00,AQUA_M-T,Brasil,TOCANTINS,MATEIROS,Cerrado,,,,-10.432,-46.776,51.2
2021/06/23 16:30:00,AQUA_M-T,Brasil,TOCANTINS,ARAGUACEMA,Cerrado,,,,-8.942,-49.392,29.1
2021/06/23 16:30:00,AQUA_M-T,Brasil,TOCANTINS,CONCEICAO DO TOCANTINS,Cerrado,,,,-11.903,-47.147,11
2021/06/23 16:30:00,AQUA_M-T,Brasil,TOCANTINS,DOIS IRMAOS DO TOCANTINS,Cerrado,,,,-8.938,-49.38,18.3
2021/06/23 16:30:00,AQUA_M-T,Brasil,TOCANTINS,GOIANORTE,Cerrado,,,,-8.915,-49.172,60.6
2021/06/23 16:30:00,AQUA_M-T,Brasil,TOCANTINS,CONCEICAO DO TOCANTINS,Cerrado,,,,-11.901,-47.133,36.5
2021/06/23 16:30:00,AQUA_M-T,Brasil,TOCANTINS,GOIANORTE,Cerrado,,,,-8.913,-49.154,86.9
2021/06/23 16:30:00,AQUA_M-T,Brasil,MATO GROSSO,PEIXOTO DE AZEVEDO,Amazonia,,,,-10.398,-53.49,58.4
2021/06/23 16:30:00,AQUA_M-T,Brasil,MATO GROSSO,SANTA CRUZ DO XINGU,Amazonia,,,,-10.109,-52.201,796.6
2021/06/23 16:30:00,AQUA_M-T,Brasil,TOCANTINS,GOIANORTE,Cerrado,,,,-8.909,-49.161,118.2
2021/06/23 16:30:00,AQUA_M-T,Brasil,TOCANTINS,DIANOPOLIS,Cerrado,,,,-11.89,-47.134,13.6
2021/06/23 16:30:00,AQUA_M-T,Brasil,TOCANTINS,GUARAI,Cerrado,,,,-8.82,-48.49,13.5
2021/06/23 16:30:00,AQUA_M-T,Brasil,PARA,CONCEICAO DO ARAGUAIA,Amazonia,,,,-8.636,-49.755,42.7
2021/06/23 16:30:00,AQUA_M-T,Brasil,TOCANTINS,NOVO JARDIM,Cerrado,,,,-11.749,-46.582,18.9
2021/06/23 16:30:00,AQUA_M-T,Brasil,PARA,CONCEICAO DO ARAGUAIA,Amazonia,,,,-8.635,-49.748,41.3
2021/06/23 16:30:00,AQUA_M-T,Brasil,MATO GROSSO,PEIXOTO DE AZEVEDO,Amazonia,,,,-10.397,-53.498,63.1
2021/06/23 16:30:00,AQUA_M-T,Brasil,TOCANTINS,RECURSOLANDIA,Cerrado,,,,-8.632,-47.259,22.2
2021/06/23 16:30:00,AQUA_M-T,Brasil,TOCANTINS,NOVO JARDIM,Cerrado,,,,-11.739,-46.583,18.1
2021/06/23 16:30:00,AQUA_M-T,Brasil,MARANHAO,BALSAS,Cerrado,,,,-8.493,-46.309,39.5
2021/06/23 16:30:00,AQUA_M-T,Brasil,TOCANTINS,PRESIDENTE KENNEDY,Amazonia,,,,-8.465,-48.657,17.1
2021/06/23 16:30:00,AQUA_M-T,Brasil,TOCANTINS,RIO DA CONCEICAO,Cerrado,,,,-11.38,-46.722,16
2021/06/23 16:30:00,AQUA_M-T,Brasil,TOCANTINS,TUPIRATINS,Cerrado,,,,-8.297,-48.171,12.6
2021/06/23 16:30:00,AQUA_M-T,Brasil,TOCANTINS,MATEIROS,Cerrado,,,,-10.316,-46.67,11.9
2021/06/23 16:30:00,AQUA_M-T,Brasil,MATO GROSSO,SANTA CRUZ DO XINGU,Amazonia,,,,-10.101,-52.206,578.2
2021/06/23 16:30:00,AQUA_M-T,Brasil,MARANHAO,BALSAS,Cerrado,,,,-8.04,-45.82,29.6
2021/06/23 16:30:00,AQUA_M-T,Brasil,TOCANTINS,LAGOA DA CONFUSAO,Cerrado,,,,-11.255,-49.997,27.2
2021/06/23 16:30:00,AQUA_M-T,Brasil,MARANHAO,RIACHAO,Cerrado,,,,-7.77,-46.753,16.2
2021/06/23 16:30:00,AQUA_M-T,Brasil,MARANHAO,CAROLINA,Cerrado,,,,-7.75,-47.142,49.6
2021/06/23 16:30:00,AQUA_M-T,Brasil,TOCANTINS,LAGOA DA CONFUSAO,Cerrado,,,,-11.252,-49.975,32.9
2021/06/23 16:30:00,AQUA_M-T,Brasil,MARANHAO,CAROLINA,Cerrado,,,,-7.748,-47.13,19.7
2021/06/23 16:30:00,AQUA_M-T,Brasil,TOCANTINS,PIUM,Cerrado,,,,-10.261,-50.166,130.9
2021/06/23 16:30:00,AQUA_M-T,Brasil,MARANHAO,SAO FELIX DE BALSAS,Cerrado,,,,-7.037,-44.88,11
2021/06/23 16:30:00,AQUA_M-T,Brasil,TOCANTINS,ALMAS,Cerrado,,,,-11.238,-47.305,9.7
2021/06/23 16:30:00,AQUA_M-T,Brasil,MARANHAO,PASTOS BONS,Cerrado,,,,-6.752,-44.427,217.7
2021/06/23 16:30:00,AQUA_M-T,Brasil,MARANHAO,PASTOS BONS,Cerrado,,,,-6.751,-44.418,33
2021/06/23 16:30:00,AQUA_M-T,Brasil,MATO GROSSO,SAO FELIX DO ARAGUAIA,Amazonia,,,,-11.146,-52.144,41.3
2021/06/23 16:30:00,AQUA_M-T,Brasil,MARANHAO,PASTOS BONS,Cerrado,,,,-6.743,-44.429,73.2
2021/06/23 16:30:00,AQUA_M-T,Brasil,TOCANTINS,PIUM,Cerrado,,,,-10.258,-50.143,45.7
2021/06/23 16:30:00,AQUA_M-T,Brasil,MATO GROSSO,SANTA CRUZ DO XINGU,Amazonia,,,,-10.097,-52.174,51.5
2021/06/23 16:30:00,AQUA_M-T,Brasil,MARANHAO,MIRADOR,Cerrado,,,,-6.377,-45.159,19.6
2021/06/23 16:30:00,AQUA_M-T,Brasil,MATO GROSSO,CANABRAVA DO NORTE,Amazonia,,,,-11.142,-52.111,61.8
2021/06/23 16:30:00,AQUA_M-T,Brasil,MARANHAO,CAMPESTRE DO MARANHAO,Cerrado,,,,-6.227,-47.107,12
2021/06/23 16:30:00,AQUA_M-T,Brasil,MARANHAO,GRAJAU,Cerrado,,,,-6.062,-45.723,6.4
2021/06/23 16:30:00,AQUA_M-T,Brasil,TOCANTINS,LAGOA DA CONFUSAO,Cerrado,,,,-11.064,-50.033,25.4
2021/06/23 16:30:00,AQUA_M-T,Brasil,MARANHAO,MIRADOR,Cerrado,,,,-6.058,-44.466,4.6
2021/06/23 16:30:00,AQUA_M-T,Brasil,TOCANTINS,PIUM,Cerrado,,,,-10.254,-50.171,54.8
2021/06/23 16:30:00,AQUA_M-T,Brasil,MARANHAO,BARRA DO CORDA,Cerrado,,,,-5.722,-45.078,11.7
2021/06/23 16:30:00,AQUA_M-T,Brasil,MATO GROSSO,SAO JOSE DO XINGU,Amazonia,,,,-11.026,-52.477,54
2021/06/23 16:30:00,AQUA_M-T,Brasil,MARANHAO,BARRA DO CORDA,Cerrado,,,,-5.713,-45.08,24.7
2021/06/23 16:30:00,AQUA_M-T,Brasil,MARANHAO,AMARANTE DO MARANHAO,Cerrado,,,,-5.612,-46.438,8.6
2021/06/23 16:30:00,AQUA_M-T,Brasil,MATO GROSSO,SAO JOSE DO XINGU,Amazonia,,,,-11.009,-52.52,52.8
2021/06/23 16:30:00,AQUA_M-T,Brasil,PIAUI,ITAUEIRA,Cerrado,,,,-7.422,-43.254,13.5
2021/06/23 16:30:00,AQUA_M-T,Brasil,PIAUI,ITAUEIRA,Cerrado,,,,-7.413,-43.256,11.3
2021/06/23 16:30:00,AQUA_M-T,Brasil,PIAUI,ITAUEIRA,Cerrado,,,,-7.407,-43.275,20.4
2021/06/23 16:30:00,AQUA_M-T,Brasil,TOCANTINS,PIUM,Cerrado,,,,-10.251,-50.149,64.7
2021/06/23 16:30:00,AQUA_M-T,Brasil,PIAUI,ITAUEIRA,Caatinga,,,,-7.403,-43.248,21.7
2021/06/23 16:30:00,AQUA_M-T,Brasil,MARANHAO,AMARANTE DO MARANHAO,Cerrado,,,,-5.479,-46.727,11.9
2021/06/23 16:30:00,AQUA_M-T,Brasil,MATO GROSSO,SAO JOSE DO XINGU,Amazonia,,,,-10.998,-52.492,70
2021/06/23 16:30:00,AQUA_M-T,Brasil,PIAUI,LANDRI SALES,Cerrado,,,,-7.367,-44.028,7.7
2021/06/23 16:30:00,AQUA_M-T,Brasil,PIAUI,FLORIANO,Caatinga,,,,-7.28,-43.223,11.3
2021/06/23 16:30:00,AQUA_M-T,Brasil,PIAUI,JERUMENHA,Cerrado,,,,-7.188,-43.675,19.2
2021/06/23 16:30:00,AQUA_M-T,Brasil,PIAUI,JERUMENHA,Cerrado,,,,-7.141,-43.669,12.1
2021/06/23 16:30:00,AQUA_M-T,Brasil,TOCANTINS,SANTA RITA DO TOCANTINS,Cerrado,,,,-10.95,-49.74,52.5
2021/06/23 16:30:00,AQUA_M-T,Brasil,PIAUI,JERUMENHA,Cerrado,,,,-7.14,-43.66,8.7
2021/06/23 16:30:00,AQUA_M-T,Brasil,PIAUI,JERUMENHA,Caatinga,,,,-7.056,-43.333,13.9
2021/06/23 16:30:00,AQUA_M-T,Brasil,PIAUI,MARCOS PARENTE,Cerrado,,,,-7.052,-43.817,12.3
2021/06/23 16:30:00,AQUA_M-T,Brasil,MATO GROSSO,SANTA CRUZ DO XINGU,Amazonia,,,,-10.134,-52.571,477.1
2021/06/23 16:30:00,AQUA_M-T,Brasil,PIAUI,JERUMENHA,Caatinga,,,,-7.049,-43.343,17.3
2021/06/23 16:30:00,AQUA_M-T,Brasil,MATO GROSSO,SAO JOSE DO XINGU,Amazonia,,,,-10.499,-52.798,130.5
2021/06/23 16:30:00,AQUA_M-T,Brasil,PIAUI,JERUMENHA,Caatinga,,,,-7.047,-43.334,17.3
2021/06/23 16:30:00,AQUA_M-T,Brasil,PIAUI,JERUMENHA,Caatinga,,,,-7.017,-43.382,35.6
2021/06/23 16:30:00,AQUA_M-T,Brasil,PIAUI,JERUMENHA,Caatinga,,,,-7.015,-43.373,15.5
2021/06/23 16:30:00,AQUA_M-T,Brasil,PIAUI,FLORIANO,Caatinga,,,,-6.898,-43.257,7.1
2021/06/23 16:30:00,AQUA_M-T,Brasil,MATO GROSSO,SAO JOSE DO XINGU,Amazonia,,,,-10.478,-52.763,189.7
2021/06/23 16:30:00,AQUA_M-T,Brasil,GOIAS,RIO VERDE,Cerrado,,,,-17.74,-51.074,65.9
2021/06/23 16:30:00,AQUA_M-T,Brasil,PIAUI,FLORIANO,Caatinga,,,,-6.892,-43.212,69.4
2021/06/23 16:30:00,AQUA_M-T,Brasil,GOIAS,RIO VERDE,Cerrado,,,,-17.73,-51.071,36.7
2021/06/23 16:30:00,AQUA_M-T,Brasil,GOIAS,ACREUNA,Cerrado,,,,-17.562,-50.53,43.6
2021/06/23 16:30:00,AQUA_M-T,Brasil,MINAS GERAIS,SETUBINHA,Mata Atlantica,,,,-17.552,-42.19,46.6
2021/06/23 16:30:00,AQUA_M-T,Brasil,MINAS GERAIS,SETUBINHA,Mata Atlantica,,,,-17.551,-42.181,16.6
2021/06/23 16:30:00,AQUA_M-T,Brasil,PIAUI,FLORIANO,Caatinga,,,,-6.86,-42.811,28.5
2021/06/23 16:30:00,AQUA_M-T,Brasil,MINAS GERAIS,PIRAPORA,Cerrado,,,,-17.304,-44.858,18.3
2021/06/23 16:30:00,AQUA_M-T,Brasil,MINAS GERAIS,PARACATU,Cerrado,,,,-17.181,-47.227,16.1
2021/06/23 16:30:00,AQUA_M-T,Brasil,GOIAS,PIRES DO RIO,Cerrado,,,,-17.173,-48.422,19.9
2021/06/23 16:30:00,AQUA_M-T,Brasil,GOIAS,GOIANIA,Cerrado,,,,-16.767,-49.37,28.9
2021/06/23 16:30:00,AQUA_M-T,Brasil,MARANHAO,PASSAGEM FRANCA,Cerrado,,,,-6.237,-43.591,17.3
2021/06/23 16:30:00,AQUA_M-T,Brasil,GOIAS,GOIANIA,Cerrado,,,,-16.76,-49.353,21.7
2021/06/23 16:30:00,AQUA_M-T,Brasil,MINAS GERAIS,RUBIM,Mata Atlantica,,,,-16.408,-40.566,8.7
2021/06/23 16:30:00,AQUA_M-T,Brasil,MATO GROSSO,SANTA CRUZ DO XINGU,Amazonia,,,,-10.131,-52.537,48.4
2021/06/23 16:30:00,AQUA_M-T,Brasil,MINAS GERAIS,PEDRA AZUL,Mata Atlantica,,,,-16.132,-41.254,18.1
2021/06/23 16:30:00,AQUA_M-T,Brasil,GOIAS,JARAGUA,Cerrado,,,,-15.724,-49.515,21.2
2021/06/23 16:30:00,AQUA_M-T,Brasil,MARANHAO,PASSAGEM FRANCA,Cerrado,,,,-6.039,-43.876,7.8
2021/06/23 16:30:00,AQUA_M-T,Brasil,GOIAS,JARAGUA,Cerrado,,,,-15.722,-49.49,27.2
2021/06/23 16:30:00,AQUA_M-T,Brasil,GOIAS,JARAGUA,Cerrado,,,,-15.717,-49.498,39.8
2021/06/23 16:30:00,AQUA_M-T,Brasil,MINAS GERAIS,MATO VERDE,Cerrado,,,,-15.348,-42.93,7.2
2021/06/23 16:30:00,AQUA_M-T,Brasil,GOIAS,ITAPACI,Cerrado,,,,-15.022,-49.72,33.3
2021/06/23 16:30:00,AQUA_M-T,Brasil,TOCANTINS,CONCEICAO DO TOCANTINS,Cerrado,,,,-11.94,-47.259,15.9
2021/06/23 16:30:00,AQUA_M-T,Brasil,MARANHAO,PARNARAMA,Cerrado,,,,-5.667,-43.524,19.4
2021/06/23 16:30:00,AQUA_M-T,Brasil,TOCANTINS,MATEIROS,Cerrado,,,,-10.45,-46.779,56.6
2021/06/23 16:30:00,AQUA_M-T,Brasil,GOIAS,ITAPACI,Cerrado,,,,-15.015,-49.703,19.8
2021/06/23 16:35:00,AQUA_M-T,Brasil,PARA,MOJU,Amazonia,,,,-2.726,-49.298,13
2021/06/23 16:35:00,AQUA_M-T,Brasil,MARANHAO,MARACACUME,Amazonia,,,,-2.038,-46.013,12.1
2021/06/23 16:35:00,AQUA_M-T,Brasil,PARA,SALVATERRA,Amazonia,,,,-0.8,-48.566,7.7
2021/06/23 16:35:00,AQUA_M-T,Brasil,MARANHAO,ALDEIAS ALTAS,Cerrado,,,,-4.422,-43.257,51.2
2021/06/23 16:35:00,AQUA_M-T,Brasil,MARANHAO,BURITI,Cerrado,,,,-3.937,-43.074,11.9
2021/06/23 16:35:00,AQUA_M-T,Brasil,MARANHAO,BURITI,Cerrado,,,,-3.927,-43.075,142.7
2021/06/23 16:35:00,AQUA_M-T,Brasil,MARANHAO,BREJO,Cerrado,,,,-3.647,-42.981,14.9
2021/06/23 16:35:00,AQUA_M-T,Brasil,MARANHAO,BREJO,Cerrado,,,,-3.645,-42.972,15.5
2021/06/23 16:35:00,AQUA_M-T,Brasil,MARANHAO,SANTA QUITERIA DO MARANHAO,Cerrado,,,,-3.383,-42.758,10.1
2021/06/23 16:35:00,AQUA_M-T,Brasil,MARANHAO,TUTOIA,Cerrado,,,,-3.134,-42.674,20.1
2021/06/23 16:35:00,AQUA_M-T,Brasil,MARANHAO,TUTOIA,Cerrado,,,,-2.831,-42.258,10.4
2021/06/23 16:35:00,AQUA_M-T,Brasil,PARA,SAO DOMINGOS DO ARAGUAIA,Amazonia,,,,-5.555,-48.807,11.8
2021/06/23 16:35:00,AQUA_M-T,Brasil,MARANHAO,AMAPA DO MARANHAO,Amazonia,,,,-1.662,-46.025,4.7
2021/06/23 16:35:00,AQUA_M-T,Brasil,MARANHAO,LAGOA GRANDE DO MARANHAO,Cerrado,,,,-4.897,-45.286,7.1
2021/06/23 16:35:00,AQUA_M-T,Brasil,MARANHAO,BURITICUPU,Amazonia,,,,-4.367,-46.289,16.9
2021/06/23 16:35:00,AQUA_M-T,Brasil,PARA,ULIANOPOLIS,Amazonia,,,,-3.721,-47.794,14.8
2021/06/23 16:35:00,AQUA_M-T,Brasil,MARANHAO,MONCAO,Amazonia,,,,-3.464,-45.367,6.2
2021/06/23 16:35:00,AQUA_M-T,Brasil,MARANHAO,MONCAO,Amazonia,,,,-3.365,-45.323,5.6
2021/06/23 16:35:00,AQUA_M-T,Brasil,MARANHAO,ANAJATUBA,Amazonia,,,,-3.35,-44.631,6.2
2021/06/23 16:35:00,AQUA_M-T,Brasil,MARANHAO,PENALVA,Amazonia,,,,-3.227,-45.189,12.8
2021/06/23 16:35:00,AQUA_M-T,Brasil,PARA,VISEU,Amazonia,,,,-1.303,-46.348,7.4
2021/06/23 16:35:00,AQUA_M-T,Brasil,MARANHAO,SAO BENTO,Amazonia,,,,-2.76,-44.887,5.2
2021/06/23 16:35:00,AQUA_M-T,Brasil,MARANHAO,SANTANA DO MARANHAO,Cerrado,,,,-3.138,-42.536,9.8
2021/06/23 16:35:00,AQUA_M-T,Brasil,MARANHAO,SAO BERNARDO,Cerrado,,,,-3.158,-42.276,6.6
2021/06/23 16:35:00,AQUA_M-T,Brasil,MARANHAO,SANTA QUITERIA DO MARANHAO,Cerrado,,,,-3.382,-42.749,8.3
